property_size_sqft,market_demand_index,construction_cost_usd,location,use_type,roi_percent,risk_score,tax_saving_percent,demand_forecast,material_cost_estimate,land_score_index,investor_score_out_of_100,recommendation_score
1460,0.41,1396189,London,Industrial,4.45,0.35,8.94,0.86,131292.62,1.74,71.08,0.69
4372,0.41,370998,New York,Industrial,9.34,0.41,3.47,0.77,135158.1,0.64,104.72,0.2
3692,0.79,741616,London,Mixed-use,6.4,0.65,12.77,0.53,104401.21,3.3,81.85,0.82
1066,0.4,156256,New York,Mixed-use,8.95,0.21,5.27,0.65,76903.74,2.31,70.74,0.91
4044,0.71,1031441,Toronto,Commercial,5.42,0.66,12.1,0.68,119464.96,8.89,59.65,0.81
3771,0.6,1489854,Toronto,Mixed-use,7.17,0.42,14.44,0.73,119568.0,0.55,68.34,0.31
3519,0.66,261360,Sydney,Commercial,10.03,0.25,11.06,0.74,96049.45,1.77,72.25,0.59
730,0.87,426874,London,Commercial,6.33,0.28,9.75,0.63,142948.58,5.49,91.98,0.91
2285,0.52,498267,New York,Industrial,5.52,0.56,7.99,0.46,118711.76,4.81,88.4,0.32
1369,0.82,1418106,Toronto,Mixed-use,8.64,0.39,6.74,0.7,99773.18,0.46,76.77,0.82
2991,0.54,1371210,San Francisco,Mixed-use,8.59,0.19,6.59,0.56,134626.78,0.07,96.54,0.01
3033,0.48,1013688,Toronto,Commercial,5.63,0.44,10.27,0.18,135290.5,9.88,39.76,0.0
1784,0.97,113787,San Francisco,Commercial,2.04,0.38,11.77,0.66,102091.3,6.59,76.94,0.76
3985,0.35,625909,New York,Residential,5.47,0.36,10.82,0.49,150834.8,3.65,88.83,0.76
4717,0.27,682272,Toronto,Residential,8.69,0.42,4.58,0.53,176081.1,4.7,78.21,0.79
3504,0.82,391955,Toronto,Commercial,5.06,0.12,8.42,0.6,92749.24,2.67,50.01,0.93
1074,0.25,110447,New York,Residential,6.97,0.32,12.29,0.37,115407.65,3.45,90.84,0.12
1682,0.87,208046,Toronto,Residential,5.36,0.18,8.18,0.62,128425.25,6.49,81.42,0.23
3158,0.55,819290,San Francisco,Commercial,2.17,0.51,8.98,0.55,177006.51,8.83,75.15,0.9
2647,0.93,1097541,Toronto,Commercial,5.31,0.39,12.02,0.47,101655.57,1.84,71.33,0.18
3347,0.78,721147,London,Mixed-use,8.68,0.45,10.6,0.61,96510.39,8.4,99.91,0.68
1575,0.69,268490,Sydney,Commercial,1.07,0.5,7.32,0.35,96339.52,1.22,76.67,0.53
2406,0.96,1112038,San Francisco,Commercial,7.63,0.29,13.64,0.61,150535.59,2.15,66.37,0.08
789,0.52,487688,London,Industrial,4.03,0.36,4.11,0.67,102304.22,0.37,57.83,0.29
3334,0.96,584409,New York,Mixed-use,8.52,0.19,14.94,0.65,98746.64,1.41,81.36,0.52
3605,0.31,1366980,San Francisco,Mixed-use,8.79,0.23,3.55,0.72,125774.18,9.17,84.79,0.85
2499,0.59,596595,Sydney,Mixed-use,6.57,0.35,2.19,0.77,127705.53,4.59,70.85,0.71
1867,0.42,743689,Sydney,Industrial,6.58,0.24,13.57,0.59,146775.51,0.78,61.63,0.62
2128,0.63,245937,New York,Commercial,4.98,0.41,5.18,0.76,122298.15,9.6,89.95,0.5
3802,0.33,1175426,New York,Mixed-use,3.64,0.25,11.49,0.59,126223.3,8.79,56.69,0.3
4156,0.87,1444940,San Francisco,Mixed-use,11.25,0.04,12.54,0.5,117368.23,7.55,99.54,0.12
4490,0.88,323306,Toronto,Residential,4.84,0.56,13.17,0.54,87392.33,9.33,58.98,0.41
1246,0.96,1222384,New York,Mixed-use,10.92,0.13,14.89,0.64,115009.88,2.2,50.83,0.03
3488,0.32,741757,Toronto,Commercial,4.85,0.4,5.82,0.76,121570.84,8.36,52.74,0.21
3035,0.7,308981,London,Commercial,8.31,0.17,11.23,0.6,108904.41,6.9,53.35,0.43
1200,0.58,602220,Sydney,Residential,4.16,0.17,3.5,0.5,80888.65,8.7,66.45,0.42
2963,0.48,133072,Toronto,Mixed-use,8.31,0.26,7.29,0.82,91625.24,7.97,62.98,0.04
2661,0.48,1151860,Sydney,Mixed-use,6.19,0.06,13.02,0.38,119015.47,3.46,85.37,0.59
841,0.53,163369,Toronto,Mixed-use,6.22,0.52,6.78,0.5,143318.83,7.74,83.23,0.55
2641,0.76,891554,London,Industrial,8.53,0.12,9.68,0.73,162057.1,2.62,66.65,0.08
3424,0.68,817266,New York,Mixed-use,5.83,0.16,8.55,0.86,115404.24,3.29,116.55,0.94
3212,0.57,667100,London,Commercial,3.43,0.07,10.4,0.67,102078.14,1.08,66.45,0.1
1963,0.26,1398719,New York,Commercial,8.9,0.1,14.65,0.64,110687.26,9.35,68.45,0.85
2078,0.26,364580,New York,Industrial,4.14,0.24,2.72,0.56,93839.62,2.91,50.84,0.0
3156,0.2,603156,Sydney,Industrial,8.29,0.38,9.46,0.68,139693.64,5.21,68.79,0.88
1375,0.97,849097,London,Mixed-use,9.43,0.51,13.22,0.62,173440.29,3.91,74.46,0.02
4614,0.2,332164,Toronto,Residential,6.06,0.13,8.26,0.49,102686.63,9.6,52.24,0.76
634,0.28,849605,London,Industrial,9.96,0.09,3.02,0.55,90198.96,3.35,62.52,0.36
3752,0.45,1416921,Sydney,Industrial,8.2,0.14,9.29,0.47,145162.08,7.79,74.91,0.74
2555,0.85,230787,New York,Mixed-use,5.26,0.38,6.32,0.6,127951.29,8.55,62.13,0.4
2185,0.97,240381,Sydney,Mixed-use,10.5,0.13,4.01,0.62,128373.23,4.36,58.99,0.07
4543,0.83,529830,San Francisco,Industrial,4.15,0.32,13.04,0.85,159704.35,3.78,81.73,0.77
3673,0.75,984098,San Francisco,Residential,6.06,0.44,8.78,0.51,85837.84,7.48,50.77,0.07
1621,0.62,1485568,Toronto,Industrial,6.48,0.1,14.13,0.57,85139.59,9.13,53.68,0.92
4061,0.27,148920,Sydney,Mixed-use,8.51,0.13,12.48,0.79,115957.14,7.55,72.66,0.05
3213,0.97,910051,Toronto,Mixed-use,9.79,0.32,11.01,0.87,121585.09,2.27,82.69,0.48
4443,0.81,730024,Toronto,Industrial,9.63,0.46,2.07,0.67,111126.29,8.88,74.58,0.72
2100,0.71,1010997,San Francisco,Residential,7.56,0.4,7.56,0.56,181518.82,3.88,66.64,0.39
761,0.81,621357,Toronto,Industrial,6.3,0.04,4.57,0.53,112243.95,5.76,65.42,0.22
4897,0.78,87531,San Francisco,Industrial,2.44,0.81,13.84,0.32,106231.87,8.31,85.16,0.76
2581,0.71,510267,New York,Mixed-use,3.71,0.38,4.27,0.46,123108.59,1.88,82.89,0.78
1595,0.98,1195731,Sydney,Residential,11.42,0.19,5.72,0.62,144272.17,7.85,70.75,0.92
3942,0.92,1011479,Toronto,Commercial,2.41,0.36,8.72,0.57,101864.31,5.96,65.84,0.38
4398,0.72,387747,San Francisco,Residential,5.04,0.17,5.42,0.69,116325.33,8.93,70.53,0.51
1875,0.75,1020756,London,Industrial,9.86,0.4,4.73,0.57,144982.12,1.72,59.09,0.36
1616,0.24,554013,Toronto,Industrial,7.52,0.19,9.79,0.49,146370.16,4.21,67.75,0.26
937,0.74,212503,New York,Industrial,9.32,0.06,3.16,0.65,125440.7,8.33,62.66,0.75
1478,0.24,772841,New York,Residential,8.36,0.32,2.76,0.98,180459.78,0.19,68.49,0.34
1676,0.67,744917,London,Mixed-use,10.67,0.33,6.84,0.55,169516.28,1.12,63.19,0.43
4593,1.0,1494022,San Francisco,Industrial,7.74,0.36,11.37,0.62,84847.1,9.91,77.86,0.4
979,0.64,1032246,Toronto,Industrial,8.66,0.12,9.21,0.73,77700.97,2.8,82.28,0.71
1092,0.58,99675,San Francisco,Residential,5.19,0.42,7.5,0.51,139892.86,9.76,64.3,0.92
2662,0.45,153997,New York,Commercial,8.47,0.37,9.35,0.79,154134.14,1.83,57.82,0.67
4484,0.3,228087,San Francisco,Commercial,6.01,0.18,6.75,0.36,114381.03,3.61,80.67,0.47
664,0.78,1047561,New York,Mixed-use,5.87,0.23,14.17,0.54,107445.11,7.53,72.77,0.78
3168,0.35,566799,San Francisco,Mixed-use,9.24,0.53,2.71,0.55,99492.74,6.58,64.5,0.64
2627,0.29,599349,London,Industrial,9.25,0.29,10.75,0.62,90799.7,5.81,90.63,0.06
3295,0.54,835678,Sydney,Residential,11.22,0.45,13.59,0.3,148408.57,5.3,61.52,0.1
2095,0.84,220905,London,Industrial,11.06,0.33,12.45,0.8,110467.63,8.43,40.11,0.04
991,0.8,350040,London,Mixed-use,9.29,0.56,4.39,0.66,127545.02,2.35,59.38,0.46
4161,0.24,391877,Sydney,Residential,2.7,0.31,5.85,0.77,74354.86,4.42,94.28,0.83
2878,0.56,646088,Sydney,Residential,11.57,0.44,11.32,0.84,145056.78,1.55,65.23,0.31
3699,0.62,1224620,Toronto,Mixed-use,9.29,0.29,3.1,0.49,134694.46,5.96,62.27,0.38
800,0.72,347491,Toronto,Commercial,5.09,0.31,12.55,0.23,86382.77,2.51,70.4,0.91
3704,0.72,569066,London,Commercial,8.82,0.31,11.35,0.77,126475.72,3.34,85.17,0.84
3054,0.49,738003,London,Residential,4.41,0.08,11.48,0.56,120118.58,4.71,68.76,0.67
4245,0.65,382929,New York,Industrial,8.55,0.42,3.3,0.43,108746.13,0.27,78.87,0.27
1404,0.58,885113,New York,Commercial,3.71,0.26,11.33,0.69,47426.82,0.92,67.16,0.12
3331,0.91,446008,Toronto,Industrial,4.98,0.19,10.84,0.97,103491.77,6.86,78.99,0.02
3373,0.62,1013396,Toronto,Commercial,8.77,0.12,12.8,0.58,127560.78,4.29,72.7,0.11
2170,0.55,913731,New York,Commercial,9.68,0.04,2.54,0.74,106285.88,8.65,64.03,0.29
3290,0.52,1145649,New York,Industrial,7.81,0.61,2.3,0.45,114457.62,6.95,73.87,0.55
4440,0.66,833158,San Francisco,Mixed-use,6.28,0.32,6.85,0.35,157418.92,0.08,61.86,0.06
1628,0.84,195359,San Francisco,Commercial,1.71,0.24,3.93,0.74,118062.3,6.17,49.33,0.14
1102,0.63,1005431,New York,Commercial,6.48,0.19,9.26,0.68,67580.01,0.94,69.7,0.18
1470,0.73,146707,San Francisco,Industrial,8.33,0.38,13.93,0.53,115378.74,7.81,50.66,0.63
806,0.79,331351,Sydney,Mixed-use,6.21,0.31,7.09,0.86,122484.85,9.92,78.96,0.62
2084,0.62,550670,Toronto,Commercial,6.94,0.21,12.98,0.34,99366.13,5.31,69.44,0.55
1463,0.54,1367087,Toronto,Commercial,6.54,0.11,2.0,0.42,138368.71,6.83,91.35,0.25
3390,0.9,1364294,New York,Mixed-use,6.2,0.26,4.19,0.52,83444.28,2.37,65.05,0.37
1163,0.53,130601,London,Commercial,7.19,0.66,2.4,0.55,116556.47,4.38,69.7,0.1
4791,0.57,1074969,New York,Mixed-use,6.32,0.24,6.27,0.82,83156.03,8.56,47.96,0.23
2357,0.99,575479,San Francisco,Mixed-use,10.61,0.32,13.81,0.61,112607.81,1.67,53.44,0.9
2278,0.2,331924,London,Industrial,1.48,0.19,3.26,0.57,137703.25,2.66,44.82,0.98
3842,0.35,863441,San Francisco,Residential,5.64,0.37,9.88,0.41,115958.0,4.45,86.16,0.65
1659,0.51,329430,Sydney,Mixed-use,4.82,0.22,7.87,0.76,114498.66,7.12,63.11,0.92
2322,0.95,1251364,San Francisco,Industrial,7.55,0.17,14.2,0.43,120694.25,3.76,89.91,0.64
3914,0.26,360466,Sydney,Residential,7.19,0.51,3.59,0.41,121944.19,9.28,29.79,0.03
3757,0.21,530930,Sydney,Commercial,11.06,0.09,4.76,0.54,137343.8,0.94,93.22,1.0
3225,0.24,1478616,San Francisco,Residential,11.88,0.63,2.38,0.62,137495.39,3.71,68.98,0.1
3329,0.27,1190868,San Francisco,Mixed-use,5.07,0.28,7.64,0.49,155542.4,7.09,75.1,0.68
2197,0.23,633343,Sydney,Mixed-use,7.0,0.42,5.61,0.71,124190.42,2.26,54.06,0.25
3660,0.58,385035,London,Mixed-use,7.49,0.31,13.31,0.56,78481.89,6.56,77.91,0.39
3293,0.66,1481256,Sydney,Mixed-use,5.01,0.09,9.86,0.76,141448.71,1.64,64.39,0.65
4227,0.42,348448,Toronto,Mixed-use,8.57,0.27,9.98,0.68,153745.61,0.56,52.09,0.44
1963,0.52,1288948,Sydney,Industrial,6.4,0.15,8.91,0.87,181542.38,1.21,51.89,0.25
2581,0.27,1021763,London,Mixed-use,4.33,0.29,3.19,0.53,156292.65,9.3,51.62,0.33
2263,0.47,171006,Toronto,Industrial,6.3,0.27,7.79,0.73,107742.54,5.52,75.7,0.34
2129,0.62,209350,New York,Commercial,4.51,0.09,14.99,0.33,124679.6,7.96,60.47,0.96
2638,0.79,768725,New York,Mixed-use,9.59,0.66,12.86,1.03,113234.33,3.33,45.4,0.8
3902,0.2,885878,London,Mixed-use,11.75,0.52,13.61,0.72,109836.83,5.93,75.54,0.46
2837,0.57,868768,Sydney,Residential,7.61,0.19,12.7,0.56,117162.87,4.95,37.41,0.2
1906,0.44,286487,San Francisco,Commercial,7.28,0.23,3.34,0.56,152143.58,9.46,89.94,0.81
4629,0.88,177852,London,Mixed-use,7.38,0.2,4.96,0.56,80270.72,7.48,99.8,0.16
3275,0.77,1267169,Toronto,Mixed-use,9.96,0.26,2.04,0.88,94936.36,7.31,50.31,0.21
1882,0.67,807067,Toronto,Commercial,9.9,0.13,5.95,0.73,150487.33,0.46,85.79,0.37
1309,0.42,758841,New York,Industrial,6.71,0.26,3.41,0.53,156341.7,5.5,75.24,0.88
4348,0.93,360618,Toronto,Mixed-use,7.63,0.23,8.15,0.41,103512.61,4.67,62.5,0.13
1263,0.24,1306408,London,Residential,8.63,0.36,10.8,0.78,161268.71,9.28,63.2,0.12
2598,0.29,922150,Toronto,Mixed-use,4.16,0.58,13.37,0.73,144397.05,2.57,79.82,0.49
4045,0.51,1435349,London,Residential,10.03,0.64,11.74,0.71,113305.97,2.7,69.4,0.28
4343,0.3,125232,San Francisco,Residential,11.34,0.28,14.2,0.59,59118.36,4.11,31.09,0.57
2095,0.97,428688,New York,Mixed-use,9.91,0.51,2.7,0.56,78299.62,2.43,101.1,0.45
3904,0.84,540385,Toronto,Mixed-use,3.89,0.7,2.16,0.85,103545.58,1.29,76.5,0.43
4363,0.41,863301,London,Residential,2.07,0.21,10.6,0.87,138998.42,8.57,69.22,0.11
2453,0.67,392813,Sydney,Commercial,8.77,0.1,5.76,0.7,139077.5,5.58,59.22,0.14
1891,0.99,1337669,New York,Commercial,5.1,0.16,5.3,0.75,108338.77,8.61,67.17,0.82
4181,0.91,1106657,San Francisco,Mixed-use,7.72,0.05,6.3,0.64,114218.14,8.31,89.04,0.89
4057,0.68,1459904,London,Industrial,10.84,0.58,5.51,0.39,119187.97,2.82,73.92,0.23
2236,0.92,1141716,San Francisco,Commercial,5.36,0.43,8.65,0.45,114531.55,5.48,75.63,0.11
4296,0.99,618645,San Francisco,Mixed-use,6.06,0.53,7.72,0.77,124090.84,0.83,51.26,0.05
3599,0.79,1240248,Toronto,Commercial,7.69,0.4,8.66,0.79,119248.97,9.15,64.76,0.61
3752,0.25,410817,Toronto,Industrial,3.76,0.08,10.75,0.76,78144.32,4.04,70.77,0.72
1298,0.52,812303,London,Mixed-use,5.11,0.25,7.03,0.65,114810.96,3.94,80.45,0.37
2760,0.87,700399,Sydney,Industrial,7.06,0.57,5.27,0.76,119435.05,3.03,63.76,0.68
4697,0.38,944690,London,Mixed-use,6.25,0.39,4.16,0.59,144744.98,4.61,83.92,0.71
1454,0.86,486140,Sydney,Industrial,8.52,0.33,6.54,0.69,99217.35,2.52,52.83,0.94
4074,0.3,1197862,San Francisco,Commercial,13.91,0.11,11.64,0.57,125097.63,3.75,71.04,0.06
2307,0.24,173269,New York,Commercial,7.25,0.06,11.84,0.44,134071.0,8.0,68.54,0.19
3377,0.51,338635,London,Industrial,4.9,0.33,10.67,0.73,116291.32,8.34,47.27,0.07
2333,0.23,1202647,London,Industrial,10.55,0.5,5.04,0.79,76130.05,3.04,69.28,0.87
4110,0.97,1349671,Sydney,Industrial,3.03,0.57,9.65,0.97,145251.73,4.69,61.26,0.79
802,0.86,593317,San Francisco,Mixed-use,3.53,0.28,9.42,0.64,138678.53,8.74,91.21,0.57
3855,0.84,1159227,San Francisco,Commercial,5.51,0.64,8.3,0.44,125719.33,0.53,63.85,0.08
4818,0.7,150202,Sydney,Mixed-use,6.29,0.11,9.15,0.55,121008.26,8.89,75.26,0.27
1366,0.37,1177353,San Francisco,Commercial,5.45,0.51,8.39,0.58,75464.38,2.19,51.53,0.3
4989,0.61,228066,Toronto,Residential,6.92,0.12,9.35,0.62,139366.42,6.79,73.55,0.56
2927,0.68,933695,New York,Mixed-use,7.69,0.11,11.3,0.67,157159.9,5.83,63.77,0.26
3531,0.62,270706,London,Commercial,9.67,0.36,3.43,0.65,92156.36,5.53,58.36,0.07
797,0.41,704446,New York,Commercial,7.23,0.19,11.75,0.72,153625.47,8.59,112.51,0.73
2530,0.61,877232,London,Mixed-use,5.6,0.18,3.77,0.63,148286.44,1.02,64.7,0.3
4182,0.59,904255,Toronto,Mixed-use,9.54,0.3,2.87,0.27,91420.12,3.47,66.82,0.45
1208,1.0,1454598,San Francisco,Commercial,4.96,0.4,14.69,0.63,110146.41,5.38,83.53,0.13
3872,0.92,360852,Sydney,Mixed-use,2.92,0.37,14.44,0.61,85114.06,8.11,58.47,0.8
1747,0.57,748179,Toronto,Industrial,10.01,0.11,2.79,0.68,118371.54,2.16,76.05,0.57
4882,0.7,668158,New York,Mixed-use,9.85,0.47,7.76,0.55,131207.94,8.03,77.65,0.9
3997,0.8,613571,Sydney,Mixed-use,5.02,0.56,4.42,0.63,86988.3,4.0,73.67,0.5
3111,0.23,945139,San Francisco,Mixed-use,6.0,0.51,8.31,0.68,129645.07,1.89,104.45,0.94
2394,0.92,1331703,Toronto,Commercial,4.71,0.21,12.79,0.58,135978.14,7.59,57.94,0.89
1259,0.89,1270631,Sydney,Industrial,7.82,0.3,14.36,0.7,136336.97,0.91,93.06,0.58
3411,0.57,884565,Toronto,Residential,11.33,0.16,10.25,0.61,131362.56,5.15,77.08,0.93
1969,0.51,605069,Toronto,Residential,8.76,0.35,6.6,0.62,89287.73,0.64,83.64,0.32
2586,0.42,194586,San Francisco,Industrial,9.59,0.39,9.84,0.16,116963.15,3.56,75.12,0.37
746,0.58,369768,London,Industrial,9.05,0.39,6.06,0.43,128808.8,6.01,98.17,0.05
3819,0.24,611111,Sydney,Industrial,7.0,0.52,13.83,0.43,156525.64,5.56,65.2,0.59
3511,0.88,622777,San Francisco,Commercial,9.71,0.22,13.32,0.63,120061.65,4.05,77.46,0.72
2334,0.23,1116059,Toronto,Residential,8.86,0.44,9.26,0.79,130638.53,4.29,89.58,0.77
2443,0.46,251033,San Francisco,Industrial,10.6,0.47,6.22,0.58,96699.33,2.27,61.62,0.15
1088,0.95,1419838,London,Commercial,5.85,0.22,5.81,0.73,91127.65,4.56,85.01,0.44
3576,0.79,1228993,Sydney,Residential,2.65,0.17,2.43,0.7,87923.2,9.53,69.72,0.18
2559,0.43,1210392,London,Mixed-use,9.61,0.63,12.61,0.62,109493.29,8.5,51.48,0.66
2985,0.4,355709,New York,Commercial,7.87,0.41,7.85,0.69,171551.28,1.45,48.23,0.16
3519,0.2,254023,Sydney,Residential,6.26,0.3,6.23,0.64,109948.09,0.3,68.64,0.9
2402,0.76,957611,London,Commercial,6.4,0.19,8.12,0.58,129115.66,9.34,84.86,0.23
4661,0.24,627936,Toronto,Residential,13.39,0.32,12.64,0.66,133927.45,5.27,38.82,0.29
3969,0.63,523945,Sydney,Residential,5.39,0.05,3.62,0.82,92711.77,5.38,73.01,0.85
862,0.97,1170547,Sydney,Mixed-use,4.87,0.12,13.15,0.67,109122.33,7.81,83.39,0.46
1223,0.29,98658,San Francisco,Commercial,7.21,0.18,13.67,0.63,135610.38,3.15,50.83,0.02
1616,0.92,101253,Toronto,Industrial,9.95,0.48,14.31,0.47,130708.19,4.82,60.49,0.49
4243,0.99,259635,New York,Mixed-use,12.7,0.44,7.17,0.81,70150.13,9.69,78.59,0.08
2649,0.25,237462,London,Mixed-use,8.64,0.44,4.82,0.39,134860.26,6.72,82.73,0.99
4323,0.91,1479384,San Francisco,Residential,3.82,0.07,6.86,0.34,106225.24,1.54,94.06,0.59
3708,0.61,290097,London,Industrial,11.93,0.17,6.33,0.66,106879.57,1.33,61.2,0.26
4690,0.93,708138,New York,Commercial,6.95,0.5,4.29,0.47,130121.64,2.04,57.77,0.56
2656,0.66,1030162,New York,Industrial,4.91,0.28,9.89,0.76,158073.4,7.67,94.79,0.08
3770,0.73,742212,Sydney,Industrial,4.3,0.59,8.2,0.35,114989.13,2.95,58.68,0.8
2282,0.64,600498,New York,Industrial,9.09,0.09,13.25,0.74,149476.26,0.21,77.61,0.93
2855,0.89,1354634,London,Industrial,7.6,0.15,2.42,0.72,83976.93,9.44,102.75,0.87
1754,0.79,737911,Toronto,Industrial,7.86,0.44,10.37,0.62,123268.58,1.7,81.29,0.34
3791,0.62,938379,Toronto,Residential,10.22,0.16,11.92,0.29,106473.61,0.1,81.75,0.33
2296,0.89,1308807,Sydney,Residential,4.99,0.29,11.87,0.34,127050.17,2.37,89.17,0.04
4591,0.4,202775,London,Mixed-use,10.42,0.34,13.52,0.64,112592.31,2.35,77.87,0.65
2248,0.33,1049211,London,Residential,5.7,0.45,11.48,0.57,86473.46,4.22,81.82,0.53
2045,0.33,757160,New York,Mixed-use,12.41,0.17,14.06,0.71,97814.77,9.2,64.86,0.46
4799,0.47,399972,London,Mixed-use,8.5,0.18,6.32,0.59,78919.97,8.79,87.4,0.91
4523,0.39,1390292,San Francisco,Commercial,4.7,0.51,8.54,0.58,87327.47,4.57,76.2,0.17
853,0.94,348854,New York,Industrial,1.94,0.62,2.18,0.24,132008.11,4.11,47.83,0.01
3783,0.28,494600,San Francisco,Residential,9.02,0.29,2.09,0.72,113724.07,5.55,73.64,0.07
3157,0.76,251918,Sydney,Commercial,6.06,0.42,5.12,0.5,125771.61,2.43,37.46,0.22
698,0.35,299055,Toronto,Residential,6.61,0.25,3.31,0.54,165389.44,0.52,80.71,0.03
2800,0.91,1428711,Sydney,Mixed-use,8.92,0.17,5.38,0.44,112600.71,9.39,66.5,0.5
3561,0.97,814417,Toronto,Residential,9.53,0.4,4.3,0.37,135857.1,1.87,98.58,0.31
4377,0.57,1110697,Sydney,Industrial,10.06,0.26,2.37,0.82,120703.39,1.98,77.34,0.18
3469,0.9,502355,London,Mixed-use,4.06,0.32,13.82,0.72,189067.11,4.72,83.86,0.75
3834,0.2,951877,San Francisco,Mixed-use,10.56,0.17,2.11,0.72,44558.83,4.92,54.26,0.2
4391,0.86,1336715,Toronto,Commercial,5.55,0.37,11.57,0.57,102058.44,0.18,80.27,0.69
1556,0.38,160257,New York,Industrial,1.36,0.17,3.98,0.34,136350.6,1.48,60.39,0.35
4667,0.93,904143,San Francisco,Mixed-use,4.05,0.71,13.86,0.92,101177.37,3.78,86.36,0.51
760,0.2,1135106,New York,Industrial,7.55,0.31,13.61,0.66,134151.79,6.84,53.22,0.93
1900,0.64,1401836,San Francisco,Residential,4.55,0.36,10.5,0.62,118498.02,2.28,71.65,0.04
4587,0.81,997786,San Francisco,Industrial,6.78,0.38,10.74,0.55,141623.72,4.23,52.63,0.5
2127,0.41,290545,Sydney,Mixed-use,7.85,0.1,2.07,0.29,91696.93,5.57,71.89,0.85
1818,0.35,608423,Toronto,Commercial,6.55,0.34,14.8,0.77,124321.06,8.89,100.34,0.59
3704,0.27,1004133,Toronto,Mixed-use,5.76,0.28,13.41,0.44,131650.46,3.26,80.82,0.28
3335,0.46,451616,San Francisco,Industrial,3.87,0.36,13.64,0.68,123294.73,1.34,69.51,0.4
1554,0.65,855158,London,Industrial,7.05,0.22,10.57,0.72,123735.31,4.89,33.07,0.68
4046,0.29,693375,London,Mixed-use,1.84,0.32,6.48,0.65,150060.77,7.47,61.96,0.89
1645,0.5,996383,New York,Industrial,5.29,0.05,13.62,0.67,78002.36,1.1,77.12,0.04
2293,0.21,359215,New York,Residential,4.68,0.45,5.79,0.8,123124.18,4.25,62.34,0.07
4036,0.85,1148650,Sydney,Mixed-use,6.4,0.47,9.32,0.48,89771.3,0.18,91.41,0.33
1162,0.3,826084,San Francisco,Commercial,6.47,0.45,3.3,0.62,138940.27,0.34,71.07,0.23
3085,0.43,1168477,New York,Mixed-use,9.4,0.4,13.99,0.57,99051.66,4.83,86.18,0.26
3954,0.21,353349,New York,Residential,10.96,0.12,3.83,0.32,58188.86,2.98,73.07,0.22
825,0.55,475807,San Francisco,Residential,4.21,0.43,4.92,0.64,139536.69,8.45,65.86,0.2
1559,0.87,1471405,Sydney,Residential,11.98,0.34,9.26,0.79,113290.72,6.02,62.93,0.13
3667,0.51,1496207,New York,Residential,5.05,0.52,11.93,0.81,128915.74,4.54,54.82,0.93
1415,0.34,658688,Sydney,Residential,7.43,0.05,10.05,0.88,155675.22,4.08,86.45,0.14
3720,0.8,1284798,Toronto,Commercial,8.28,0.13,5.02,0.33,129285.03,4.97,63.58,0.2
616,0.83,111852,Sydney,Industrial,13.11,0.2,2.01,0.84,124235.7,0.4,77.83,0.25
1843,0.34,1040374,London,Residential,5.64,0.43,11.84,0.63,118818.24,8.93,62.11,0.93
2805,0.82,457501,London,Residential,2.51,0.6,14.81,0.84,91317.34,9.98,53.75,0.76
3124,0.96,1185057,Sydney,Mixed-use,10.73,0.4,12.53,0.54,114618.8,1.81,78.33,0.79
1669,0.33,113691,London,Commercial,4.92,0.18,7.98,0.52,169347.46,1.2,58.8,0.1
4044,0.82,474341,Toronto,Commercial,6.1,0.13,13.75,0.42,110619.52,1.44,63.99,0.84
3165,0.77,1326713,San Francisco,Industrial,4.21,0.18,7.33,0.72,116099.66,6.61,51.27,0.41
1660,0.58,1126238,London,Commercial,6.1,0.14,8.82,0.68,151427.12,6.61,62.6,0.26
2927,0.25,612726,London,Mixed-use,4.9,0.25,8.2,0.43,81467.78,8.48,70.36,0.58
4020,0.26,876184,Sydney,Mixed-use,8.69,0.18,7.82,0.28,135503.1,7.52,65.69,0.82
901,0.88,1184002,Toronto,Industrial,7.2,0.23,12.08,0.66,80278.0,4.5,82.27,0.78
4876,0.99,319968,San Francisco,Mixed-use,5.3,0.18,8.85,0.68,129979.72,6.13,72.18,0.89
1206,0.74,368963,Sydney,Residential,9.49,0.04,6.12,0.45,119439.76,6.88,116.31,0.93
3770,0.56,575384,Sydney,Residential,7.64,0.41,5.36,0.42,135310.0,5.13,76.36,0.24
1299,0.72,958483,Toronto,Mixed-use,2.38,0.36,2.49,0.7,94688.14,4.76,43.97,0.42
1739,0.68,601121,San Francisco,Industrial,9.3,0.22,9.58,0.88,106624.17,6.45,66.81,0.01
790,0.51,1283865,Toronto,Commercial,7.46,0.41,4.99,0.53,136601.32,5.57,68.11,0.88
2900,0.25,1390077,San Francisco,Industrial,10.48,0.1,3.93,0.47,107254.19,6.44,60.8,0.15
1580,0.86,599165,Toronto,Commercial,7.31,0.55,10.5,0.64,138887.88,6.13,71.09,0.86
3575,0.5,299780,Sydney,Mixed-use,5.02,0.48,10.86,0.7,125229.25,7.19,60.35,0.33
1784,0.86,1423714,Sydney,Mixed-use,6.49,0.25,11.78,0.55,108856.21,6.43,74.99,0.37
3927,0.4,1226332,New York,Residential,9.01,0.17,8.55,0.9,112116.15,5.2,41.37,0.04
3994,0.2,522632,London,Commercial,5.07,0.45,13.62,0.74,120087.62,6.82,87.16,0.33
727,0.33,1007091,Toronto,Industrial,5.9,0.09,14.17,0.54,114495.45,4.49,46.33,0.89
2665,0.57,1107557,New York,Mixed-use,6.45,0.31,12.5,0.36,138256.24,2.42,66.05,0.03
2416,0.96,1224241,London,Industrial,4.13,0.11,10.26,0.8,110718.02,0.01,59.01,0.41
1169,0.28,1290578,Toronto,Residential,5.11,0.48,5.95,0.78,105674.23,5.6,74.59,0.03
2495,0.88,1390267,San Francisco,Commercial,7.43,0.05,14.78,0.55,142756.29,5.91,67.25,0.37
3333,0.62,1250808,London,Commercial,10.01,0.32,5.56,0.65,109446.77,9.72,73.77,0.17
4463,0.86,1371627,Sydney,Mixed-use,7.79,0.16,4.63,0.58,106490.71,3.61,86.67,0.25
4614,0.44,1286123,New York,Commercial,6.89,0.39,7.75,0.68,57858.4,3.94,81.53,0.88
3501,0.87,492104,London,Mixed-use,4.92,0.2,2.74,0.45,94012.42,2.02,70.54,0.44
2286,0.82,388449,London,Residential,9.74,0.3,14.72,0.42,99034.31,0.71,76.89,0.27
3609,0.38,613634,Sydney,Commercial,8.08,0.34,9.65,0.72,106496.74,7.73,99.4,0.59
754,0.31,1141339,Toronto,Mixed-use,5.23,0.26,9.24,0.74,101946.52,2.5,82.06,0.14
3137,0.89,270237,San Francisco,Industrial,9.25,0.2,10.53,0.53,144576.25,6.09,65.6,0.26
2009,0.97,936047,Sydney,Mixed-use,8.4,0.41,8.46,0.49,100621.31,6.88,89.17,0.55
4657,0.23,509332,San Francisco,Commercial,4.97,0.36,2.42,0.77,102484.34,4.71,75.87,0.24
1384,0.79,725275,Toronto,Residential,6.75,0.24,9.96,0.49,123891.35,8.76,55.56,0.68
3775,0.93,1345399,London,Commercial,5.77,0.3,11.31,0.61,92457.95,4.44,67.29,0.49
4941,0.89,1219929,San Francisco,Commercial,13.58,0.14,7.42,0.59,159099.8,2.85,47.92,0.77
3406,0.97,301373,New York,Mixed-use,8.33,0.29,11.84,0.38,140053.92,8.96,35.72,0.95
1137,0.81,1486368,New York,Industrial,7.47,0.2,4.95,0.63,90797.83,8.62,55.76,0.12
2441,0.55,629844,Sydney,Commercial,8.18,0.17,4.88,0.61,145341.68,1.64,71.84,0.33
3055,0.45,925474,Toronto,Industrial,10.45,0.25,4.1,0.65,150542.7,0.26,71.88,0.32
1124,0.46,451233,Sydney,Mixed-use,6.79,0.14,6.84,0.62,91447.13,0.9,48.83,0.15
3550,0.78,1304744,Sydney,Industrial,5.53,0.53,13.01,0.92,90870.83,2.87,34.32,0.81
4731,0.8,748590,Sydney,Mixed-use,9.11,0.09,12.76,0.77,104739.67,9.72,92.06,0.76
4715,0.36,1330617,New York,Residential,6.56,0.47,6.98,0.61,84619.87,5.59,71.43,0.48
2968,0.89,113866,New York,Industrial,4.33,0.11,9.66,0.62,100492.79,3.73,93.34,0.54
4447,0.77,1233976,Sydney,Industrial,3.84,0.55,11.37,0.86,109996.89,8.89,92.48,0.06
3301,0.65,1467695,New York,Residential,10.82,0.08,5.14,0.73,132603.81,4.53,81.02,0.56
1571,0.58,515071,Toronto,Industrial,7.33,0.16,4.19,0.42,122030.64,3.15,70.89,0.79
1766,0.63,1472277,Sydney,Residential,5.53,0.59,14.64,0.74,116299.46,9.41,64.04,0.57
3374,0.33,1266064,New York,Commercial,6.41,0.75,10.03,0.79,107920.67,8.5,80.78,0.27
2582,0.36,676804,San Francisco,Mixed-use,9.02,0.31,14.76,0.84,87301.11,8.44,67.6,0.67
1453,0.27,266987,Sydney,Residential,6.27,0.39,6.39,0.54,134792.94,5.12,61.16,0.36
4746,0.32,491274,Sydney,Industrial,3.38,0.37,11.14,0.53,134234.35,7.89,38.53,0.54
4336,0.56,513934,Toronto,Residential,7.81,0.14,4.89,0.46,104578.79,1.79,68.75,0.49
4369,0.62,374746,London,Industrial,10.02,0.27,5.4,0.65,92471.12,5.73,86.45,0.38
1174,0.21,1317715,London,Commercial,9.85,0.32,8.65,0.71,158902.61,9.84,88.89,0.72
3861,0.84,238588,Toronto,Residential,5.6,0.04,6.16,0.52,126168.26,2.91,70.8,0.88
1748,0.44,1334311,Toronto,Commercial,10.17,0.37,4.18,0.58,129924.21,7.94,56.67,0.01
2315,0.93,1390875,Toronto,Mixed-use,7.53,0.11,5.42,0.29,131003.7,4.9,83.54,0.93
4454,0.97,203950,London,Industrial,10.1,0.11,2.46,0.83,89937.91,0.4,69.77,0.51
3091,0.35,409638,Toronto,Industrial,8.43,0.16,11.16,0.37,157481.91,7.63,64.51,0.7
3260,0.57,680517,New York,Commercial,3.2,0.44,8.4,0.66,109912.55,1.69,48.16,0.86
3724,0.2,1233224,Sydney,Mixed-use,11.37,0.2,3.23,0.64,140551.05,6.31,101.56,0.47
3651,0.68,118547,Sydney,Residential,7.13,0.42,4.23,0.61,156460.82,0.86,81.08,0.83
604,0.69,633083,San Francisco,Residential,8.44,0.4,3.33,0.61,122034.4,9.47,82.69,0.18
1476,0.4,266368,San Francisco,Industrial,3.64,0.54,9.96,0.45,90463.04,2.92,57.06,0.16
1591,0.65,625735,Sydney,Commercial,8.26,0.18,3.22,0.55,57663.24,2.26,71.2,0.66
4742,0.38,1384766,New York,Commercial,9.76,0.25,11.81,0.75,119039.6,1.29,68.78,0.87
4964,0.33,286402,London,Residential,11.84,0.15,2.27,0.79,126253.61,9.46,81.73,0.89
1235,0.72,1380995,London,Mixed-use,10.5,0.09,5.24,0.54,105480.62,7.12,90.4,0.64
2293,0.46,834105,New York,Mixed-use,8.39,0.58,13.58,0.37,123392.14,7.42,48.49,0.53
2282,0.67,929710,London,Residential,3.14,0.31,11.34,0.48,130758.62,4.99,53.88,0.33
719,0.55,659365,Toronto,Residential,7.33,0.14,2.95,0.88,144848.19,4.75,79.69,0.98
1430,0.99,192782,Sydney,Commercial,5.52,0.13,12.67,0.49,114285.87,1.1,62.38,0.32
4275,0.32,1119550,Sydney,Mixed-use,7.59,0.24,8.41,0.59,118866.46,5.6,82.22,0.74
1969,0.57,707220,New York,Residential,3.96,0.53,13.01,0.81,115534.99,2.47,64.4,0.53
1340,0.74,1091316,London,Residential,6.47,0.57,9.81,0.52,120839.87,9.77,51.27,0.61
716,0.52,523316,San Francisco,Industrial,5.71,0.64,10.86,0.58,107170.39,7.97,43.61,0.39
3438,0.98,1439501,San Francisco,Residential,5.63,0.5,14.92,0.72,107050.87,4.13,77.26,0.96
1750,0.78,1314915,London,Residential,5.65,0.27,5.02,0.86,108624.43,1.51,77.63,0.57
2531,0.73,555595,San Francisco,Mixed-use,6.66,0.58,10.11,0.5,123906.66,7.85,84.55,0.94
1612,0.81,1227272,New York,Commercial,7.72,0.42,7.98,0.81,98817.15,1.22,74.92,0.01
2264,0.96,130939,New York,Mixed-use,0.75,0.49,2.51,0.56,108725.15,1.89,13.64,0.57
1681,0.93,221521,London,Commercial,1.06,0.5,2.19,0.47,165214.75,2.12,77.55,0.72
1112,0.78,953093,San Francisco,Industrial,6.15,0.16,3.55,0.64,142409.98,5.57,48.14,0.75
3449,0.8,1463674,New York,Residential,6.51,0.5,10.44,0.43,96072.97,7.87,41.98,0.9
1159,0.32,889178,New York,Industrial,7.47,0.72,9.37,0.67,141616.82,3.14,40.18,0.0
4272,0.28,663098,Toronto,Commercial,5.18,0.15,9.19,1.07,135684.8,0.85,38.8,0.0
3943,0.66,722650,Toronto,Mixed-use,7.02,0.16,2.41,0.77,117402.01,4.65,74.18,0.47
4670,0.21,556513,New York,Mixed-use,7.32,0.4,8.1,0.58,102300.68,7.48,59.03,0.03
2070,0.59,1274871,London,Industrial,5.16,0.09,14.02,0.76,99462.15,2.22,47.21,0.97
1180,0.37,545453,Sydney,Commercial,9.53,0.47,7.17,0.46,125596.0,2.2,70.35,0.22
2894,0.48,801037,Sydney,Industrial,7.44,0.19,10.12,0.49,98844.16,9.47,53.41,0.47
3747,0.82,1393379,New York,Industrial,8.37,0.48,12.14,0.59,147430.53,9.54,84.72,0.06
4849,0.95,1215092,New York,Residential,7.17,0.36,12.19,0.61,154520.16,9.9,91.75,0.52
2279,0.26,1203143,New York,Industrial,12.26,0.24,8.75,0.41,118929.89,8.08,66.74,0.38
4106,0.63,206498,London,Residential,8.49,0.53,13.15,0.55,148469.52,1.88,90.66,0.04
3344,0.91,782098,Toronto,Residential,5.78,0.28,7.09,0.58,109711.28,2.12,90.63,0.34
3956,0.27,1101469,New York,Mixed-use,9.05,0.55,13.55,0.83,102141.21,3.4,71.27,0.39
4645,0.86,544894,New York,Residential,2.91,0.29,5.12,0.41,147506.88,3.18,96.0,0.99
1843,0.49,364154,San Francisco,Residential,7.3,0.29,5.64,0.39,159496.67,9.57,60.68,0.21
3718,0.46,875219,London,Mixed-use,7.8,0.19,2.69,0.63,169078.95,7.89,40.67,0.54
2741,0.98,219544,New York,Industrial,7.33,0.26,12.34,0.77,128316.38,7.24,46.68,0.99
3659,0.36,326183,San Francisco,Commercial,6.17,0.28,7.42,0.68,141552.76,1.86,59.98,0.79
3559,0.75,758743,Sydney,Commercial,4.47,0.51,4.98,0.65,127765.43,9.1,78.01,0.99
2865,0.86,1452429,New York,Commercial,5.03,0.15,5.01,0.56,155084.47,8.28,52.68,0.97
3079,0.23,543001,New York,Industrial,7.26,0.13,13.72,0.7,130832.1,1.64,59.86,0.49
2235,0.74,1163094,San Francisco,Residential,4.22,0.15,12.84,0.72,140127.09,8.71,51.26,0.7
2357,0.96,133909,London,Commercial,11.43,0.38,9.2,0.56,91614.54,2.72,60.21,0.11
2670,0.3,804984,New York,Industrial,0.4,0.3,10.01,0.46,114220.93,0.81,90.14,0.44
3449,0.92,1050834,Sydney,Residential,6.19,0.34,8.17,0.46,140340.9,6.57,75.36,0.81
3851,0.68,595693,New York,Mixed-use,7.28,0.62,7.09,0.73,138099.32,6.54,61.35,0.51
4330,0.69,619570,Sydney,Commercial,8.27,0.16,13.9,0.37,142472.58,0.95,88.31,0.7
3089,0.69,319017,Toronto,Residential,4.71,0.36,3.63,0.85,123016.37,3.19,70.38,0.75
2231,0.44,494994,Toronto,Commercial,9.84,0.46,7.44,0.53,103699.45,9.93,72.0,0.25
3416,0.95,1021768,Sydney,Commercial,3.52,0.37,6.48,0.65,118526.34,6.78,87.14,0.88
1615,0.96,532891,London,Commercial,5.58,0.1,8.48,0.71,121175.86,7.3,64.86,0.46
1948,0.7,1156941,New York,Residential,8.55,0.49,7.95,0.5,126043.52,2.13,83.74,0.21
3687,0.83,545982,New York,Industrial,9.6,0.37,8.75,0.53,95803.36,0.79,82.67,0.87
3439,0.69,521416,Toronto,Residential,3.49,0.15,3.82,0.62,113353.34,2.77,67.82,0.42
935,0.59,353146,Sydney,Commercial,13.61,0.56,8.67,0.47,117783.31,2.49,49.06,0.75
1495,0.73,1404667,New York,Residential,4.76,0.1,5.15,0.44,63944.46,2.35,70.19,0.55
4146,0.64,1338870,New York,Mixed-use,3.72,0.07,4.4,0.45,140812.62,1.93,87.06,0.38
1451,0.68,1244795,London,Industrial,8.26,0.29,2.84,0.78,124100.4,5.75,82.3,0.81
2287,0.83,1469330,San Francisco,Residential,6.13,0.24,11.91,0.66,126632.97,3.28,95.65,0.58
2531,0.58,918574,Toronto,Mixed-use,5.76,0.23,7.56,0.48,107112.59,8.2,62.64,0.39
4346,0.23,660595,Toronto,Industrial,8.49,0.43,10.15,0.73,134656.26,1.84,81.69,0.11
3027,0.33,1264141,San Francisco,Mixed-use,3.18,0.36,11.46,0.49,99201.85,4.65,54.91,0.9
2168,0.55,859383,New York,Industrial,2.74,0.33,10.83,0.31,103129.64,0.14,73.02,0.04
4600,0.78,392229,London,Residential,5.51,0.05,8.12,0.7,135708.25,4.82,86.58,0.86
3338,0.67,638516,London,Mixed-use,9.69,0.48,7.04,0.85,128929.04,0.56,83.6,0.36
4098,0.72,815036,Toronto,Commercial,5.61,0.34,6.89,0.68,88059.99,9.78,71.55,0.64
4513,0.58,647760,London,Mixed-use,11.0,0.36,10.32,0.32,159434.27,7.91,65.98,0.92
1666,0.69,915869,San Francisco,Industrial,10.0,0.02,8.43,0.6,101037.56,4.9,55.08,0.15
4980,0.46,1046920,New York,Residential,7.71,0.65,13.04,0.56,116685.16,0.87,66.61,0.57
3044,0.58,926143,San Francisco,Industrial,7.85,0.22,13.37,0.66,163669.68,5.92,50.35,0.76
4707,0.8,1266464,Sydney,Mixed-use,7.71,0.06,4.22,0.47,68505.46,7.59,64.85,0.76
3973,0.9,157175,Toronto,Mixed-use,7.4,0.63,3.77,0.55,77343.48,1.91,42.91,0.53
4569,0.55,668595,London,Commercial,6.08,0.16,10.2,0.39,131048.34,5.68,50.22,0.62
3146,0.23,1437453,Sydney,Residential,6.37,0.55,5.92,0.63,58036.58,8.14,82.79,0.76
1353,0.33,994634,London,Residential,4.33,0.37,2.24,0.39,68912.66,7.68,81.12,0.84
2682,0.22,175028,New York,Mixed-use,1.47,0.35,13.55,0.67,149378.95,8.03,65.67,0.76
3374,0.72,1270888,New York,Residential,9.76,0.21,4.95,0.49,109778.17,8.79,70.97,0.35
3496,0.47,571450,New York,Commercial,7.39,0.44,14.08,0.13,174902.24,9.38,72.98,1.0
4785,0.63,1221069,London,Industrial,7.02,0.19,11.33,0.72,94130.76,4.06,76.9,0.43
1375,0.59,205149,Sydney,Residential,8.0,0.11,11.91,0.67,112037.96,5.69,75.3,0.02
2225,0.27,833704,New York,Mixed-use,4.93,0.23,4.62,0.8,133515.77,7.91,49.95,0.36
3669,0.52,1331011,Sydney,Industrial,4.5,0.43,5.04,0.29,131788.21,6.97,33.35,0.13
1017,0.38,243834,London,Industrial,6.29,0.29,8.78,0.5,113627.51,9.96,54.75,0.12
714,0.53,350403,Sydney,Commercial,10.42,0.22,4.24,0.62,103788.5,0.14,67.69,0.28
1216,0.36,1309787,London,Mixed-use,4.08,0.25,5.97,0.69,125784.06,3.55,84.4,0.05
4574,0.87,995207,London,Residential,0.43,0.57,6.18,0.38,154422.15,2.81,73.52,0.69
3867,0.34,1405569,Toronto,Mixed-use,5.7,0.15,4.08,0.66,139070.22,2.62,78.02,0.07
1425,0.97,1472488,London,Industrial,9.86,0.37,4.67,0.51,104188.29,2.23,56.55,0.2
2116,0.53,1496828,London,Mixed-use,2.67,0.57,12.25,0.32,95205.68,7.09,68.94,0.09
3746,0.88,397013,San Francisco,Residential,4.05,0.43,4.17,0.49,102680.28,0.85,70.98,0.06
1012,0.7,993320,New York,Residential,7.66,0.04,2.37,0.68,88156.43,7.42,58.66,0.27
1328,0.79,1191671,Toronto,Commercial,13.42,0.11,10.18,0.33,123685.24,6.93,53.96,0.57
3948,0.81,1246462,Toronto,Residential,3.6,0.34,14.69,0.7,140344.65,2.51,66.6,0.96
3408,0.6,937342,Toronto,Residential,3.51,0.33,6.31,0.64,118216.5,2.53,79.92,0.88
1275,0.63,365711,San Francisco,Mixed-use,7.85,0.11,3.54,0.56,162994.17,6.29,56.43,0.88
4065,0.61,1163868,London,Mixed-use,10.01,0.11,9.42,0.35,164385.36,7.62,66.88,0.18
3104,0.67,1203389,New York,Industrial,5.44,0.6,13.78,0.37,127693.38,8.76,90.32,0.26
3567,0.22,701424,Sydney,Commercial,2.95,0.68,12.19,0.54,137548.44,8.52,62.21,0.08
3386,0.52,655919,London,Mixed-use,8.08,0.38,10.09,0.43,97488.55,9.65,70.11,0.78
1722,0.68,89885,San Francisco,Residential,8.54,0.24,6.1,0.55,110979.84,5.81,68.41,0.07
4679,0.68,1313954,London,Industrial,11.45,0.49,9.04,0.74,151806.76,9.09,67.18,0.56
2171,0.83,932746,London,Mixed-use,8.64,0.32,3.19,0.56,105518.18,8.09,95.03,0.25
2743,0.72,1455807,San Francisco,Commercial,9.07,0.23,10.83,0.55,157184.5,8.95,74.59,0.24
2287,0.99,502381,Toronto,Commercial,6.34,0.36,11.43,0.56,147814.1,0.12,46.45,0.99
4732,0.43,1056433,Toronto,Industrial,13.1,0.2,14.55,0.75,138790.6,9.66,92.93,0.76
4451,0.49,540244,New York,Industrial,6.0,0.17,5.39,0.79,90682.63,4.74,74.12,0.84
4040,0.51,654100,New York,Industrial,5.47,0.27,2.24,0.66,112200.34,7.98,64.4,0.57
4366,0.57,785860,Toronto,Industrial,11.52,0.29,9.09,0.62,136105.22,1.27,90.24,0.87
2926,0.87,1449363,Sydney,Industrial,3.31,0.06,11.19,0.63,95356.3,3.96,58.32,0.65
3514,0.39,124900,London,Residential,2.38,0.39,12.28,0.81,115248.07,2.71,95.74,0.95
4552,0.82,481067,Sydney,Residential,7.3,0.14,4.52,0.67,138803.27,2.92,71.4,0.28
1195,0.52,882720,London,Mixed-use,7.0,0.27,5.4,0.83,105795.69,1.23,85.08,0.6
1328,0.68,1201268,Toronto,Commercial,6.43,0.39,8.66,0.54,98838.64,8.06,116.01,0.69
1965,0.71,540796,New York,Residential,9.48,0.6,6.3,0.4,74980.64,0.09,72.7,0.39
1298,0.5,1174979,New York,Residential,4.73,0.11,13.19,0.5,110334.15,3.13,68.55,0.88
995,0.61,875600,Sydney,Residential,7.16,0.22,8.16,0.52,139329.54,1.74,53.99,0.98
4771,0.53,1084001,New York,Mixed-use,6.1,0.24,12.39,0.84,98177.41,5.89,68.19,0.49
4960,0.26,392023,Toronto,Industrial,4.77,0.37,9.55,0.71,120446.8,2.54,54.46,0.39
3102,0.55,1188447,Sydney,Mixed-use,6.85,0.45,12.05,0.5,114394.77,2.59,67.2,0.47
2419,0.28,1109127,London,Commercial,9.13,0.34,6.32,0.72,103334.41,4.88,113.42,0.85
1317,0.52,571862,New York,Commercial,12.3,0.37,12.81,0.58,140942.64,6.53,71.79,0.65
3382,0.67,1160750,San Francisco,Commercial,8.45,0.01,5.57,0.85,161056.81,1.21,61.69,0.04
4177,0.66,835111,New York,Commercial,0.72,0.11,9.1,0.55,145108.45,1.76,66.85,0.54
743,0.73,303563,London,Residential,6.9,0.2,4.78,0.37,102601.59,2.47,63.82,0.02
3740,0.28,217653,Sydney,Residential,7.12,0.24,8.18,0.57,169809.14,9.74,85.73,0.78
3538,0.72,190155,London,Mixed-use,9.34,0.14,6.14,0.55,145035.07,3.97,68.65,0.33
4236,0.45,413997,San Francisco,Industrial,7.46,0.11,5.47,0.4,108566.07,5.99,94.13,0.47
3822,0.52,1440398,Toronto,Commercial,10.13,0.29,14.57,0.69,100616.84,2.42,65.26,0.8
1767,0.89,1256371,New York,Mixed-use,7.98,0.21,4.08,0.81,148025.98,4.9,66.23,0.05
3216,0.21,168668,Sydney,Residential,10.9,0.24,12.24,0.43,124344.23,0.74,56.55,0.16
1662,0.67,817685,Toronto,Residential,5.9,0.03,14.79,0.75,98730.88,0.35,64.25,0.4
2756,0.68,749927,London,Industrial,7.36,0.25,2.26,0.51,116297.28,4.69,44.0,0.23
3582,0.52,1059448,Sydney,Industrial,9.07,0.05,11.09,0.6,109820.08,3.99,38.05,0.34
3894,0.39,633091,Toronto,Industrial,5.57,0.23,5.29,0.58,99398.52,1.37,79.37,1.0
1756,0.39,753590,Sydney,Mixed-use,5.02,0.2,2.53,0.6,145364.66,6.88,43.82,0.83
1332,0.91,753222,San Francisco,Residential,5.43,0.17,7.24,0.67,139543.1,9.93,76.09,0.88
4930,0.55,1028763,San Francisco,Residential,5.13,0.08,14.16,0.45,140963.54,3.96,62.49,0.94
1553,0.46,1358723,New York,Industrial,8.31,0.53,2.15,0.79,140616.76,6.25,84.09,0.34
3139,0.56,1084949,New York,Commercial,2.41,0.25,9.64,0.68,97099.16,9.63,44.15,0.3
3924,0.74,635083,San Francisco,Industrial,3.11,0.16,8.52,0.73,104907.82,8.32,78.97,0.23
3901,0.32,350914,Sydney,Mixed-use,11.66,0.28,13.35,0.48,156466.44,4.64,74.97,0.83
2142,0.56,442455,San Francisco,Industrial,5.19,0.08,3.09,0.43,122700.3,7.37,75.44,0.68
1791,0.67,359713,New York,Industrial,7.5,0.29,10.86,0.78,83238.23,1.28,86.86,0.24
3593,0.96,1114586,San Francisco,Mixed-use,3.28,0.1,10.84,0.43,125423.61,5.12,71.05,0.38
3281,0.4,1432790,San Francisco,Industrial,7.24,0.03,10.7,0.62,136369.78,2.79,33.28,0.51
1817,0.49,1083429,Sydney,Residential,5.2,0.08,14.25,0.75,133101.04,1.61,76.74,0.53
2140,0.5,644485,Toronto,Commercial,3.09,0.49,12.7,0.58,96553.26,4.26,74.8,0.89
3836,0.68,237584,New York,Industrial,10.34,0.04,2.55,0.78,167168.04,1.31,66.33,0.38
2986,0.49,1004220,Sydney,Mixed-use,9.96,0.08,8.12,0.56,82485.14,6.99,57.37,0.91
4319,0.63,1477515,San Francisco,Commercial,6.73,0.03,7.17,0.41,122772.41,4.56,64.59,0.44
1988,0.83,371077,San Francisco,Mixed-use,9.5,0.23,6.03,0.66,163413.82,5.31,91.87,0.75
2456,0.76,1104729,Toronto,Commercial,11.76,0.07,7.87,0.63,134791.43,1.46,56.2,0.93
1965,0.56,739738,New York,Commercial,8.89,0.03,6.99,1.0,140905.49,1.4,43.89,0.91
1099,0.89,454226,New York,Industrial,8.2,0.56,7.62,0.46,93670.9,5.83,47.98,0.06
2280,0.65,1239608,London,Residential,7.5,0.61,14.73,0.56,128676.16,9.85,69.47,0.21
1110,0.63,1335516,New York,Industrial,8.62,0.41,3.15,0.49,119084.93,0.96,95.06,0.48
4912,0.23,1433324,Toronto,Mixed-use,6.09,0.2,13.99,0.58,91748.9,2.86,103.07,0.43
1924,0.99,541552,London,Mixed-use,6.31,0.09,8.24,0.57,141626.79,8.69,79.75,0.64
1755,0.3,1355303,London,Commercial,8.13,0.26,10.11,0.47,99512.83,0.72,55.28,0.94
2427,0.38,153869,San Francisco,Commercial,5.82,0.17,12.79,0.67,102476.88,8.76,56.87,0.11
3741,0.24,949807,San Francisco,Residential,6.09,0.08,6.69,0.57,130814.48,5.24,83.14,0.45
4086,0.71,798675,New York,Industrial,7.0,0.14,7.6,0.8,116418.86,4.08,89.97,0.19
2410,0.38,282416,London,Mixed-use,9.88,0.36,7.32,0.5,124232.2,3.1,60.37,0.89
3523,0.34,658533,San Francisco,Commercial,4.17,0.33,6.87,0.88,114887.51,2.97,91.37,0.96
2814,0.27,647344,Toronto,Residential,8.9,0.47,14.03,0.64,155326.52,3.06,66.56,0.48
4786,0.28,855024,San Francisco,Mixed-use,8.98,0.65,12.78,0.79,96874.23,8.85,80.71,0.1
1313,0.67,1449277,San Francisco,Commercial,8.96,0.05,3.42,0.62,108379.78,7.24,87.18,0.79
4202,0.75,1408263,London,Mixed-use,4.98,0.25,3.41,0.48,132029.29,6.7,47.77,0.7
4734,0.52,510634,London,Residential,2.77,0.22,7.56,0.56,95302.05,7.99,76.77,0.35
4122,0.58,829971,Sydney,Residential,8.4,0.5,3.28,0.39,94194.42,2.57,91.43,0.89
4868,0.75,576507,Toronto,Mixed-use,7.47,0.04,10.05,0.58,123443.6,6.18,61.59,0.98
1843,0.21,1111008,London,Industrial,9.51,0.16,3.87,0.63,141683.83,4.6,54.15,0.56
4309,0.46,345972,New York,Mixed-use,5.25,0.11,8.79,0.61,144946.95,7.82,77.42,0.57
1681,0.98,1245232,Toronto,Commercial,8.9,0.4,2.09,0.8,122293.5,3.09,72.0,0.3
1055,0.66,1145663,Toronto,Industrial,9.64,0.59,6.12,0.58,103196.68,6.43,65.09,0.58
1494,0.4,1422057,London,Commercial,6.76,0.09,10.8,0.32,126891.58,8.82,69.97,0.44
1984,0.62,216554,Toronto,Mixed-use,8.04,0.22,8.29,1.13,134153.46,4.02,44.95,0.3
2558,0.47,565757,London,Industrial,7.95,0.42,14.72,0.5,126546.52,0.67,76.07,0.07
3672,0.63,262024,San Francisco,Commercial,4.95,0.05,13.36,0.75,150854.25,5.16,93.89,0.25
2596,0.3,1265111,Sydney,Mixed-use,8.33,0.54,6.67,0.37,94645.97,3.46,59.28,0.2
4885,0.31,847524,San Francisco,Mixed-use,11.06,0.08,2.59,0.64,102575.6,6.72,57.57,0.54
1104,0.31,375767,London,Industrial,7.06,0.11,12.99,0.48,147383.73,9.51,72.59,0.6
1814,0.95,115634,London,Mixed-use,3.35,0.4,13.85,0.18,83174.5,4.86,112.69,0.61
2131,0.79,456742,San Francisco,Residential,5.28,0.48,12.67,0.56,106515.36,4.66,86.5,0.39
4040,0.33,391478,New York,Commercial,2.55,0.48,3.66,0.59,101711.49,6.55,68.59,0.42
1423,0.35,935080,New York,Commercial,10.23,0.01,14.97,0.57,80894.88,1.03,70.59,0.83
1528,0.78,626495,New York,Mixed-use,8.91,0.05,5.36,0.64,115321.28,2.54,87.98,0.48
733,0.32,553866,London,Mixed-use,5.75,0.24,11.41,0.56,138657.35,9.19,56.36,0.99
2705,0.39,685842,Toronto,Residential,3.45,0.55,13.8,0.61,123908.2,6.7,79.18,0.44
4227,0.97,687564,London,Industrial,4.92,0.14,5.06,0.63,139990.09,0.13,53.24,0.65
2452,0.4,1057022,Toronto,Mixed-use,5.4,0.32,13.81,0.59,149798.9,2.05,83.87,0.05
4775,0.73,1443501,San Francisco,Mixed-use,7.27,0.08,6.02,0.57,110359.21,6.83,65.59,0.65
3533,0.98,788140,Sydney,Mixed-use,7.19,0.06,14.69,0.47,186171.15,7.64,73.01,0.85
3884,0.5,272512,Toronto,Mixed-use,10.35,0.1,5.66,0.69,111364.61,8.4,64.62,0.94
4898,0.21,1041703,New York,Commercial,5.27,0.06,14.39,0.56,114686.72,2.92,80.48,1.0
3411,0.4,271420,London,Mixed-use,3.23,0.2,2.7,0.55,102309.49,9.31,67.38,0.28
1850,0.86,790644,San Francisco,Commercial,4.11,0.57,11.22,0.68,133634.74,5.53,102.37,0.58
4112,0.89,1331772,New York,Mixed-use,6.94,0.15,8.92,0.63,112737.41,6.97,91.28,0.45
1856,0.81,1328495,San Francisco,Industrial,5.18,0.38,8.21,0.5,118027.69,5.97,50.44,0.56
3976,0.29,337324,Sydney,Residential,6.27,0.05,4.91,0.79,114869.67,1.23,72.87,0.16
4086,0.84,799449,London,Industrial,5.86,0.13,11.17,0.42,114302.39,9.63,81.03,0.86
4184,0.93,947780,London,Mixed-use,9.48,0.1,4.48,0.45,123957.15,1.23,63.13,0.91
1996,0.68,510599,Sydney,Mixed-use,5.53,0.23,9.19,0.7,108744.41,2.55,88.19,0.45
4237,0.95,455960,London,Mixed-use,6.06,0.19,5.29,0.86,109917.61,8.14,86.42,0.28
3930,0.86,814042,Toronto,Industrial,8.79,0.38,14.42,0.51,146821.29,6.19,68.75,0.14
3303,0.73,727341,San Francisco,Mixed-use,5.59,0.54,2.37,0.66,112661.94,8.38,84.72,0.68
1070,0.66,1312541,New York,Industrial,8.06,0.19,4.6,0.42,129588.81,5.16,33.84,0.31
1953,0.48,1295468,Sydney,Commercial,7.83,0.07,5.15,0.46,97762.71,3.77,90.36,0.91
3383,0.33,214832,Toronto,Residential,7.35,0.44,7.38,0.77,108882.75,9.22,83.3,0.67
3431,0.68,1281838,New York,Residential,4.16,0.12,5.03,0.65,89185.99,0.36,53.68,0.65
957,0.45,147411,New York,Industrial,10.07,0.47,8.39,0.77,166360.84,8.56,73.78,0.56
3619,0.89,365521,Sydney,Commercial,12.55,0.29,13.34,0.76,154386.49,2.31,39.61,0.05
1267,0.99,1067073,Toronto,Industrial,7.02,0.12,11.26,0.29,134886.47,8.49,58.55,0.93
1745,0.8,1166787,New York,Commercial,4.38,0.55,9.54,0.42,173777.57,1.39,86.43,0.63
4785,0.27,293981,New York,Mixed-use,7.07,0.62,3.16,0.64,139257.15,5.8,69.81,0.99
4319,0.43,345888,Toronto,Commercial,9.47,0.12,11.02,0.35,115700.61,8.88,68.98,0.54
3345,0.29,860926,London,Commercial,5.46,0.22,4.16,0.44,129312.99,4.74,70.68,0.71
1139,0.72,367139,New York,Commercial,6.68,0.45,12.22,0.81,154019.66,7.47,68.93,0.06
3379,0.81,638830,San Francisco,Residential,7.85,0.17,5.25,0.52,97992.1,8.05,84.81,0.63
4736,0.94,90651,Toronto,Commercial,10.01,0.27,7.42,0.71,90679.56,7.36,60.72,0.76
4375,0.55,1227815,New York,Mixed-use,8.94,0.3,6.56,0.6,130151.98,9.25,76.29,0.78
3108,0.92,945363,Sydney,Mixed-use,9.04,0.2,13.16,0.5,105328.76,4.47,52.83,0.77
3379,0.9,968544,San Francisco,Mixed-use,5.93,0.26,3.65,0.35,63502.47,1.73,81.12,0.23
1524,0.45,517625,New York,Commercial,8.0,0.28,9.35,0.63,88926.67,0.48,65.18,0.98
3556,0.9,1283954,San Francisco,Industrial,5.2,0.11,3.85,0.82,112214.39,2.46,69.39,1.0
2181,0.5,1278734,San Francisco,Industrial,9.11,0.4,11.16,0.5,121204.72,1.43,64.57,0.08
3924,0.44,1452070,London,Mixed-use,9.88,0.57,13.77,0.61,121949.23,5.58,66.47,0.94
855,0.72,413569,San Francisco,Residential,8.38,0.53,7.65,0.37,170129.91,1.85,54.93,0.29
2438,0.46,576574,London,Industrial,6.08,0.27,8.35,0.5,114809.37,0.39,74.94,0.69
2544,0.7,509852,Toronto,Commercial,6.49,0.53,14.06,0.65,126953.14,0.36,78.32,0.34
609,0.69,524865,London,Industrial,11.52,0.3,8.77,0.71,79352.7,8.32,50.04,0.97
3471,0.65,335948,Sydney,Mixed-use,6.12,0.18,8.34,0.68,119221.61,5.91,61.05,0.1
1397,0.5,941069,New York,Residential,9.62,0.08,9.52,0.3,128354.97,3.58,70.45,0.5
1615,0.64,936626,Toronto,Industrial,7.85,0.26,10.96,0.53,85618.51,8.94,61.02,0.43
2424,0.68,943349,Toronto,Industrial,6.16,0.32,3.39,0.45,96650.2,0.7,66.66,0.33
3736,0.64,144200,Sydney,Mixed-use,3.64,0.13,12.67,0.55,132229.22,9.8,94.24,0.65
2793,0.56,1234424,London,Residential,7.53,0.19,7.66,0.58,106341.84,6.16,54.73,0.13
823,0.21,186022,New York,Residential,7.23,0.3,2.94,0.76,117436.46,1.83,35.32,0.72
4758,0.67,781979,London,Mixed-use,11.52,0.38,12.22,0.64,133519.44,6.79,61.02,0.98
4525,0.33,860741,San Francisco,Commercial,4.85,0.35,6.9,0.81,170921.8,7.63,65.08,0.8
4600,0.71,1190644,London,Industrial,12.74,0.37,3.3,0.5,114455.37,4.29,62.65,0.86
2233,0.81,550529,Toronto,Commercial,7.95,0.43,10.24,0.39,164229.95,8.62,74.03,0.36
2752,0.6,966364,New York,Industrial,7.94,0.1,13.44,0.82,71030.66,1.51,54.58,0.32
1110,0.63,241445,London,Industrial,5.52,0.13,13.54,0.67,123709.07,2.79,52.37,0.52
984,0.96,1265679,New York,Commercial,7.79,0.1,14.45,0.49,111647.77,0.93,59.88,0.05
1004,0.88,304605,New York,Mixed-use,8.18,0.49,13.28,0.67,106688.53,2.11,60.19,0.95
2600,0.93,283047,San Francisco,Mixed-use,9.34,0.29,2.03,0.73,136451.69,2.39,101.81,0.14
3356,0.85,889217,San Francisco,Industrial,4.55,0.16,6.94,0.62,114634.48,9.18,93.29,0.9
2268,0.29,329768,Toronto,Mixed-use,10.52,0.09,12.64,0.49,69376.17,0.78,44.96,0.08
2060,0.32,764029,Sydney,Industrial,7.9,0.27,6.76,0.53,80290.77,4.27,41.05,0.82
4236,0.62,1223051,New York,Mixed-use,8.52,0.15,9.82,0.64,138050.67,5.32,68.71,0.15
3324,0.4,590370,Sydney,Industrial,6.45,0.45,9.88,0.63,79069.3,8.99,98.67,0.04
4778,0.58,606570,Toronto,Mixed-use,4.68,0.45,6.75,0.78,138720.53,9.98,79.99,0.72
2648,0.52,769984,New York,Residential,7.18,0.23,13.76,0.56,123119.34,7.53,69.51,0.28
4746,0.64,300972,New York,Commercial,7.47,0.25,8.54,0.46,115742.89,9.71,63.16,0.71
1316,0.8,1291353,Sydney,Residential,3.54,0.55,8.04,0.99,117963.15,7.87,86.16,0.56
2423,0.77,288944,London,Commercial,8.98,0.43,14.97,0.63,132868.95,9.63,72.67,0.11
2681,0.62,1072382,San Francisco,Commercial,9.49,0.44,8.42,0.73,90562.85,7.07,95.98,0.93
4019,0.86,1365016,London,Industrial,5.18,0.44,4.32,0.68,121057.28,0.8,44.68,0.45
2174,0.54,808342,Sydney,Commercial,4.44,0.08,8.67,0.63,91512.43,4.02,76.35,0.73
849,0.92,1441303,San Francisco,Residential,6.24,0.1,12.58,0.57,124091.12,6.47,61.55,0.5
1273,0.26,87461,London,Residential,7.06,0.12,12.1,0.18,136161.92,3.51,76.21,0.6
2765,0.96,876948,San Francisco,Mixed-use,6.34,0.3,12.25,0.44,124148.65,2.73,73.76,0.3
1370,0.72,552501,New York,Residential,6.85,0.35,11.2,0.65,135215.05,5.77,77.64,0.2
4562,0.5,1277162,London,Mixed-use,7.55,0.19,5.3,0.19,102499.63,9.34,84.66,0.54
4963,0.36,1126161,San Francisco,Commercial,3.58,0.6,13.21,0.61,118445.5,0.35,90.85,0.44
2584,0.58,463395,San Francisco,Residential,3.87,0.14,13.61,0.7,114050.6,7.69,99.28,0.39
1677,0.36,574178,San Francisco,Commercial,0.19,0.58,4.52,0.72,112414.02,7.23,70.24,0.67
835,0.33,311496,London,Residential,9.36,0.08,3.7,0.69,99983.97,9.64,61.86,0.69
988,0.69,772148,Toronto,Residential,7.04,0.27,14.68,0.74,109204.44,9.31,51.61,0.05
3637,0.62,640315,London,Mixed-use,9.62,0.05,13.29,0.84,92182.39,7.62,76.52,0.34
2448,0.74,959979,Sydney,Commercial,4.16,0.06,13.61,0.76,77646.13,5.2,82.52,0.41
3414,0.94,253921,London,Residential,7.06,0.48,13.52,0.63,102482.08,2.04,49.77,0.1
3974,0.63,753218,San Francisco,Industrial,7.54,0.26,9.04,0.58,135648.99,5.45,87.17,0.24
3878,0.66,683291,New York,Commercial,5.6,0.06,10.4,0.62,125851.65,7.65,68.48,0.05
1852,0.27,787755,London,Commercial,3.12,0.23,9.09,0.56,88584.92,8.96,51.16,1.0
4581,0.77,644046,London,Commercial,11.36,0.12,2.67,0.77,109849.72,7.9,57.28,0.74
2722,0.52,396456,San Francisco,Mixed-use,10.5,0.74,11.69,0.69,137311.61,1.95,55.85,0.09
2750,0.98,1459390,New York,Industrial,6.05,0.52,8.57,0.54,108787.72,6.0,56.12,0.02
1929,0.86,1114262,New York,Commercial,8.28,0.65,10.42,0.8,84555.85,3.32,78.55,0.72
1958,0.62,162279,Sydney,Residential,5.79,0.41,8.53,0.56,176440.71,0.09,82.96,0.44
3082,0.3,95434,London,Residential,4.51,0.37,8.39,0.46,115826.03,2.0,95.49,0.79
2617,0.89,799407,New York,Mixed-use,11.57,0.15,4.23,0.6,90910.53,1.13,59.53,0.92
1931,0.84,520991,New York,Residential,2.86,0.03,5.62,0.48,124281.59,8.43,75.14,0.6
4944,0.35,417913,Toronto,Commercial,6.29,0.35,4.07,0.74,117859.92,2.59,60.29,0.19
4861,0.44,408821,Toronto,Residential,7.21,0.43,4.54,0.47,81463.05,2.85,70.3,0.78
1958,0.83,163555,New York,Commercial,11.13,0.35,14.65,0.58,122334.22,9.6,47.79,0.96
3777,0.35,256806,Sydney,Residential,9.24,0.52,3.99,0.74,144593.39,3.79,53.15,0.58
2728,0.93,513819,New York,Industrial,2.82,0.18,5.5,0.49,114177.24,0.1,82.05,0.68
2780,0.54,1079430,San Francisco,Mixed-use,6.99,0.29,9.68,0.66,68495.04,2.84,47.75,0.34
737,0.27,148803,London,Mixed-use,7.05,0.1,9.93,0.45,128548.04,1.19,79.22,0.38
4072,0.85,887744,Sydney,Industrial,6.43,0.3,4.0,0.64,135072.5,1.03,59.86,0.73
3432,0.5,828736,San Francisco,Industrial,8.55,0.49,12.32,0.69,105339.7,0.77,41.12,0.93
4179,0.62,779539,Sydney,Mixed-use,3.48,0.3,12.21,0.59,105523.46,5.93,31.92,0.63
3631,0.29,325404,San Francisco,Industrial,5.98,0.25,5.09,0.61,176446.41,1.89,91.95,0.79
4764,0.2,722249,London,Commercial,8.2,0.18,5.75,0.67,103544.64,3.61,41.42,0.17
3193,0.71,1431099,London,Residential,8.7,0.41,14.19,0.56,91952.98,8.62,69.03,0.21
4900,0.61,97297,Toronto,Mixed-use,7.37,0.16,12.73,0.73,120627.85,4.24,75.31,0.53
4418,0.67,868443,San Francisco,Industrial,6.28,0.54,11.07,0.81,134371.06,9.16,50.3,0.18
4738,0.83,1248810,Toronto,Commercial,6.7,0.66,3.07,0.46,133310.84,4.98,61.7,0.63
4423,0.72,648302,San Francisco,Mixed-use,8.85,0.14,7.44,0.87,58298.31,3.99,77.18,0.29
4642,0.34,1009242,Toronto,Industrial,7.08,0.19,9.27,0.55,103481.71,7.5,74.4,0.79
2506,0.49,1307146,London,Mixed-use,4.4,0.1,4.44,0.9,148822.2,0.73,63.09,0.81
1360,0.92,863152,Sydney,Industrial,3.92,0.47,7.83,0.56,128167.24,0.89,73.55,0.46
4045,0.82,877552,Toronto,Mixed-use,3.28,0.07,9.81,0.71,89105.21,6.52,68.47,0.18
1499,0.65,1413572,San Francisco,Commercial,10.64,0.27,6.26,0.71,151060.23,4.87,55.44,0.65
3547,0.4,1469959,San Francisco,Commercial,9.02,0.11,12.15,0.54,144122.44,7.9,88.01,0.99
2319,0.44,591603,London,Residential,6.73,0.35,12.93,0.61,112584.96,9.16,73.11,0.62
880,0.79,695863,San Francisco,Mixed-use,5.87,0.43,6.21,0.82,141986.68,3.88,42.37,0.04
3866,0.88,1123659,New York,Residential,5.57,0.29,12.9,0.55,169993.9,5.96,77.83,0.02
2487,0.74,587365,Sydney,Mixed-use,9.73,0.03,3.35,0.54,93640.5,5.01,60.77,0.32
3866,0.85,1277086,Toronto,Industrial,11.76,0.35,12.89,0.43,133886.15,9.82,65.66,0.2
1266,0.81,1308163,Sydney,Industrial,5.49,0.03,3.99,0.84,169648.62,8.31,70.12,0.81
4788,0.32,1102788,London,Residential,9.85,0.25,3.08,0.53,136325.74,9.12,58.11,0.84
1271,0.54,908791,Toronto,Mixed-use,7.07,0.31,10.34,0.78,101140.43,2.54,97.05,0.26
2569,0.32,440890,Toronto,Residential,6.47,0.1,8.14,0.51,125972.83,7.73,47.6,0.33
4756,0.39,829122,New York,Commercial,10.76,0.16,13.8,0.78,154247.08,2.65,70.85,0.24
3722,0.9,725194,London,Residential,6.97,0.33,6.72,0.72,94605.84,2.09,75.72,0.91
4500,0.58,281260,San Francisco,Residential,7.74,0.62,5.73,0.57,119247.58,9.44,70.62,0.5
1123,0.63,857881,New York,Industrial,7.62,0.6,8.51,0.49,113912.93,0.19,67.14,0.66
2993,0.34,913525,New York,Residential,2.94,0.26,7.93,0.5,104214.71,9.65,64.34,0.42
3717,0.45,1331775,Sydney,Mixed-use,7.72,0.24,6.48,0.5,126038.87,1.49,57.95,0.63
3193,0.38,456794,Sydney,Industrial,5.59,0.1,11.02,0.76,117482.07,8.19,57.69,0.39
2568,0.36,1016197,Sydney,Residential,3.45,0.12,11.87,0.62,136083.75,2.76,87.38,0.34
2353,0.71,463100,New York,Commercial,5.71,0.26,13.09,0.43,148524.24,3.51,63.37,0.63
2896,0.41,195598,San Francisco,Residential,5.69,0.5,14.65,0.56,88179.24,2.17,101.98,0.59
2861,0.71,330100,Toronto,Residential,9.57,0.29,5.47,0.58,121688.28,5.86,80.03,0.29
2886,0.25,862877,Sydney,Residential,4.34,0.16,11.31,0.28,118671.85,3.48,29.99,0.15
4802,0.31,788521,San Francisco,Industrial,5.03,0.15,7.13,0.57,125085.37,6.57,83.25,0.37
3478,0.42,856676,London,Mixed-use,7.59,0.2,10.8,0.71,119613.23,0.16,69.2,0.42
4743,0.68,213241,Sydney,Commercial,3.69,0.14,8.19,0.58,95483.43,0.64,49.15,0.63
4244,0.74,1281700,Toronto,Residential,5.35,0.1,14.92,0.64,156368.74,1.0,89.56,0.91
2655,0.55,1333499,London,Mixed-use,2.84,0.13,11.48,0.67,167019.03,4.19,63.46,0.04
1876,0.56,88036,London,Mixed-use,9.3,0.26,14.38,0.55,133672.24,8.15,62.19,0.24
3366,0.78,1025238,Toronto,Industrial,6.25,0.08,12.85,0.71,134952.54,8.88,75.63,0.19
902,0.21,1282821,Sydney,Commercial,6.96,0.05,13.74,0.82,123276.23,2.45,87.14,0.5
1238,0.47,1063825,New York,Industrial,9.29,0.3,12.59,0.37,144230.08,5.74,71.7,0.43
655,0.85,282747,Toronto,Mixed-use,5.19,0.24,7.97,0.55,58921.37,7.68,70.63,0.73
1125,0.68,623088,Toronto,Mixed-use,6.22,0.46,5.27,0.95,119903.44,2.89,59.55,0.24
4723,0.47,1416092,Toronto,Mixed-use,4.36,0.56,6.81,0.63,105684.32,4.09,86.89,0.59
2725,0.92,1452236,London,Industrial,4.35,0.14,2.26,0.59,123645.45,5.24,71.85,0.88
3887,0.82,930350,San Francisco,Commercial,4.7,0.35,8.81,0.56,147315.69,1.35,66.62,0.91
964,0.41,1012477,New York,Residential,5.77,0.08,8.57,0.79,120475.85,0.26,64.76,0.96
2246,0.72,1461875,Sydney,Industrial,6.04,0.12,8.83,0.46,110987.69,1.53,85.4,0.77
1518,0.68,835600,Sydney,Mixed-use,7.72,0.28,14.66,0.74,84918.22,6.27,66.07,0.91
3397,0.52,1188076,San Francisco,Industrial,4.77,0.32,13.85,0.56,117268.09,0.74,85.44,0.23
2131,0.49,247647,Toronto,Mixed-use,7.8,0.1,4.1,0.49,136806.94,1.9,62.93,0.2
3945,0.47,316527,New York,Residential,8.21,0.44,6.8,0.57,98972.8,3.38,80.83,0.01
2506,0.69,515477,Sydney,Residential,5.83,0.52,7.51,0.59,69916.5,0.78,73.11,0.71
3686,0.55,632004,Sydney,Commercial,4.99,0.25,6.69,0.53,176856.0,1.92,55.74,0.94
2675,0.87,82352,Toronto,Mixed-use,7.21,0.1,12.38,0.77,128379.39,9.11,68.7,0.19
1313,0.74,213004,San Francisco,Commercial,6.49,0.05,8.81,0.49,114460.66,0.19,37.14,0.64
1662,0.26,942881,New York,Commercial,7.55,0.82,9.44,0.62,154774.87,6.53,58.84,0.75
2576,0.71,866261,San Francisco,Residential,10.92,0.06,13.09,0.68,123536.98,3.84,46.33,0.93
1896,0.42,1477556,San Francisco,Industrial,7.17,0.05,12.48,0.62,153300.8,6.73,99.96,0.65
725,0.67,740858,New York,Industrial,5.4,0.22,3.72,0.72,151159.03,5.89,46.51,0.97
4196,0.74,811478,New York,Commercial,4.77,0.18,11.28,0.53,88136.98,2.23,108.79,0.34
3883,0.38,130098,Sydney,Residential,4.87,0.2,7.66,0.69,131499.87,8.47,77.71,0.35
2203,0.57,1061890,Sydney,Mixed-use,3.34,0.16,5.83,0.7,163132.14,4.92,62.22,0.54
666,0.35,454313,New York,Industrial,9.33,0.66,2.65,0.75,95033.73,8.23,82.1,0.38
832,0.24,744929,London,Commercial,1.42,0.65,8.33,0.32,95340.64,4.06,60.33,0.0
2756,0.5,327199,Sydney,Industrial,8.22,0.43,6.62,0.68,99569.97,9.85,48.86,0.73
1769,0.49,206060,London,Industrial,4.83,0.44,5.27,0.74,142260.46,7.7,71.19,0.75
2758,1.0,1316530,New York,Mixed-use,5.72,0.38,11.03,0.54,127109.64,9.66,80.5,0.75
4806,0.56,210544,Sydney,Residential,4.76,0.16,12.0,0.52,71605.69,5.14,89.18,0.35
2093,0.47,604628,San Francisco,Mixed-use,10.61,0.14,5.18,0.49,128523.65,4.74,77.47,0.52
4607,0.66,779309,New York,Residential,7.04,0.32,2.64,0.45,113702.13,7.55,62.06,0.36
3072,0.27,686590,Toronto,Industrial,8.98,0.09,13.03,0.7,117193.1,8.8,90.79,0.02
3260,0.97,1059947,London,Commercial,10.25,0.32,2.13,0.94,99074.5,9.64,87.44,0.56
3339,0.71,827028,New York,Mixed-use,7.41,0.37,14.18,0.52,128706.46,3.25,74.04,0.12
2361,0.8,547243,New York,Residential,4.01,0.08,10.16,0.53,146261.46,7.99,88.16,0.08
4114,0.34,604426,Sydney,Industrial,6.45,0.17,6.18,0.6,103950.84,2.11,102.77,0.76
2575,0.53,473574,Sydney,Residential,5.14,0.25,5.2,0.36,77938.6,5.46,61.85,0.01
2962,0.54,548466,Sydney,Residential,5.74,0.13,2.12,0.5,112422.14,1.8,56.5,0.96
1476,0.86,951808,Toronto,Residential,6.76,0.07,5.06,0.59,138907.17,3.47,61.41,0.52
4412,0.2,236951,Sydney,Industrial,6.66,0.13,3.79,0.47,109474.24,9.31,49.76,0.98
4048,0.44,947964,New York,Commercial,8.03,0.72,9.96,0.78,82561.28,1.46,78.87,0.06
1912,0.98,922210,Sydney,Commercial,8.39,0.16,4.17,0.41,139081.07,6.32,45.85,0.58
2060,0.58,642060,San Francisco,Commercial,6.66,0.63,8.87,0.74,155383.7,5.93,88.98,0.35
3309,0.51,1187054,Sydney,Residential,8.01,0.33,9.67,0.82,120500.39,1.21,59.92,0.84
2924,0.3,631050,Toronto,Industrial,5.63,0.45,5.87,0.66,79855.23,3.26,90.38,0.36
2333,0.98,1272931,San Francisco,Residential,10.29,0.23,2.46,0.58,112054.24,5.63,31.64,0.26
2205,0.22,774780,New York,Commercial,5.59,0.47,2.48,0.64,123788.47,1.87,64.22,0.86
3163,0.79,922000,New York,Commercial,9.99,0.12,2.34,0.53,99757.17,8.01,50.6,0.37
4021,0.81,951522,London,Industrial,3.31,0.44,11.61,0.29,134584.31,9.72,90.3,0.02
4117,0.39,923601,San Francisco,Residential,6.05,0.2,6.13,0.45,97313.47,2.15,95.19,0.39
2997,0.74,679253,London,Mixed-use,6.17,0.19,12.35,0.6,120640.69,1.87,34.84,0.65
4335,0.27,257912,San Francisco,Mixed-use,7.7,0.25,7.61,0.46,114291.95,4.55,82.99,0.25
3470,0.41,255767,San Francisco,Commercial,9.15,0.39,7.89,0.54,135396.37,7.48,86.03,0.43
1760,0.83,316281,Toronto,Industrial,3.88,0.09,8.67,0.67,119643.27,2.82,74.89,0.06
842,0.89,164754,London,Residential,4.23,0.12,11.27,0.62,115087.71,0.2,78.82,0.59
3190,0.69,682276,Toronto,Residential,3.5,0.26,5.56,0.76,99928.37,5.41,77.74,0.76
1663,0.61,587732,San Francisco,Commercial,10.3,0.37,3.58,0.64,120869.23,9.57,83.04,0.41
4924,0.33,230023,New York,Commercial,7.74,0.35,9.23,0.65,113494.81,3.91,53.61,0.42
3195,0.25,160388,San Francisco,Residential,4.29,0.19,6.25,0.49,98236.74,4.2,88.01,0.09
1519,0.29,319779,Toronto,Residential,5.89,0.37,7.75,0.4,123987.28,9.69,73.14,0.2
605,0.38,958453,London,Commercial,9.95,0.39,10.41,0.54,129099.28,6.95,72.24,0.15
1067,0.47,984850,London,Residential,6.3,0.17,8.42,0.49,111539.82,7.19,78.5,0.48
4770,0.5,286846,Toronto,Mixed-use,6.16,0.29,10.06,0.57,143289.23,5.63,50.94,0.53
603,0.48,774335,London,Commercial,5.05,0.21,9.07,0.44,126599.36,9.75,46.7,0.95
1245,0.39,1115354,Sydney,Residential,4.44,0.39,11.62,0.73,87903.65,6.89,68.18,0.07
717,0.61,1260788,New York,Commercial,9.96,0.09,11.18,0.49,153434.85,8.95,93.15,0.6
3528,0.86,868140,New York,Industrial,11.18,0.17,8.94,0.55,139174.7,6.99,52.22,0.53
3151,0.42,1287956,New York,Commercial,4.54,0.36,10.83,0.6,145045.78,7.35,72.63,0.52
4889,0.95,1173365,London,Commercial,10.51,0.36,13.36,0.77,130012.57,2.9,59.25,0.87
1446,0.9,106086,London,Industrial,5.78,0.19,7.62,0.86,61556.82,3.03,57.24,0.21
3362,0.33,1407579,San Francisco,Mixed-use,8.33,0.12,7.37,0.87,147315.46,7.83,77.51,0.04
1741,0.83,611972,San Francisco,Residential,10.53,0.29,11.94,0.41,121519.69,2.97,81.39,0.67
2410,0.66,1219664,New York,Industrial,6.64,0.35,9.57,0.54,128830.48,5.63,58.19,0.35
1323,0.65,474423,Sydney,Commercial,6.18,0.19,2.92,0.52,133509.6,2.49,90.81,0.02
824,0.51,670381,San Francisco,Residential,9.0,0.18,13.6,0.66,168406.93,8.17,76.34,0.25
4808,0.6,1289337,San Francisco,Industrial,4.23,0.36,2.4,0.65,106344.41,1.11,66.37,0.31
2648,0.52,915083,London,Residential,9.87,0.47,11.73,0.51,106989.93,8.29,75.21,0.62
2173,0.63,1253650,Sydney,Residential,7.36,0.38,11.86,0.5,98724.14,6.03,100.55,0.17
2428,0.7,969497,New York,Industrial,5.56,0.18,14.39,0.45,93251.44,1.87,81.3,0.41
2517,0.74,210351,San Francisco,Residential,5.49,0.18,2.7,0.2,93711.72,5.42,59.52,0.48
4834,0.63,118635,Sydney,Mixed-use,3.54,0.18,9.76,0.41,73705.88,2.82,69.72,0.46
2626,0.78,1053619,Sydney,Industrial,5.66,0.18,7.56,0.73,130666.4,3.23,71.97,0.97
4344,0.31,1223647,New York,Mixed-use,6.34,0.11,6.3,0.82,169695.16,3.52,79.98,0.05
1501,0.37,1075909,Sydney,Commercial,4.35,0.35,3.17,0.8,171289.36,0.63,73.59,0.95
2639,0.85,944950,Sydney,Residential,6.89,0.27,9.31,0.74,98690.8,9.86,98.43,0.58
609,0.46,1496953,Sydney,Commercial,8.18,0.4,8.23,0.45,113196.14,0.32,66.6,0.8
860,0.22,970083,San Francisco,Commercial,6.47,0.16,3.36,0.42,150833.55,6.62,44.05,0.43
2273,0.32,677093,New York,Residential,8.66,0.26,9.96,0.33,130808.67,3.71,73.22,0.45
2819,0.38,501280,Sydney,Industrial,4.98,0.29,11.59,0.51,123362.89,6.46,63.38,0.88
2660,0.97,989245,Sydney,Residential,9.51,0.07,11.97,0.61,113581.64,3.56,47.44,0.9
4313,0.66,421207,San Francisco,Commercial,7.3,0.37,13.77,0.45,149457.54,6.74,59.45,0.24
2219,0.95,1393174,New York,Commercial,10.86,0.54,7.32,0.66,93173.73,7.29,64.62,0.2
920,0.66,1411598,London,Industrial,13.04,0.26,14.39,0.7,132021.88,6.91,87.1,0.5
1942,0.58,1310746,San Francisco,Residential,5.82,0.42,13.25,0.53,128623.35,1.14,47.75,0.9
2976,0.45,273226,New York,Commercial,5.93,0.06,5.85,0.4,121084.3,6.57,75.25,0.32
3432,0.69,1272639,Sydney,Mixed-use,6.38,0.31,4.07,0.81,139693.24,2.8,103.31,0.65
3424,0.31,672632,New York,Commercial,8.49,0.09,7.66,0.61,120843.43,0.29,67.38,0.71
2594,0.92,640881,New York,Commercial,10.31,0.69,7.22,0.89,106636.81,4.15,66.94,0.78
3558,0.86,640592,New York,Industrial,5.37,0.08,9.48,0.61,122312.78,4.34,80.8,0.56
2638,0.45,1242189,London,Mixed-use,7.95,0.08,9.58,0.62,80197.41,4.67,77.83,0.4
4090,0.96,494299,New York,Commercial,6.66,0.22,11.75,0.46,135317.87,7.05,91.26,0.97
4277,0.86,364334,London,Commercial,8.55,0.03,8.63,0.54,141705.73,3.09,67.49,0.61
1718,0.73,501614,Sydney,Mixed-use,10.77,0.23,3.36,0.37,103584.64,3.15,80.53,0.73
2204,0.3,1311619,London,Residential,6.4,0.2,13.16,0.4,97637.22,0.61,80.77,0.34
4627,0.58,1279151,Sydney,Residential,2.83,0.47,6.03,0.71,104506.21,6.87,64.97,0.67
835,0.6,205438,Sydney,Commercial,8.86,0.39,14.63,0.56,118424.43,5.68,68.29,0.26
2569,0.39,1102892,London,Commercial,4.92,0.17,3.53,0.54,125397.15,3.49,69.83,0.25
2508,0.26,874448,San Francisco,Residential,6.64,0.16,14.46,0.49,160387.3,7.05,51.43,0.71
975,0.82,344528,Toronto,Industrial,8.97,0.04,3.18,0.54,157227.28,5.37,64.17,0.52
4130,0.3,1321968,New York,Mixed-use,7.74,0.35,5.0,0.77,140788.57,4.69,92.44,0.68
3235,0.68,488288,Toronto,Mixed-use,6.75,0.29,2.61,0.62,123031.52,5.11,85.57,0.27
2170,0.95,182239,New York,Industrial,5.56,0.06,11.17,0.42,96826.9,6.36,61.3,0.6
3160,0.9,715719,New York,Industrial,-0.25,0.13,13.05,0.75,161990.93,6.6,69.76,0.44
3991,0.42,784293,Sydney,Industrial,8.75,0.51,7.64,0.86,113808.95,2.89,84.57,0.6
3565,0.88,888258,New York,Industrial,6.37,0.33,14.07,0.67,127034.35,1.41,76.65,0.29
4243,0.2,410170,New York,Industrial,10.78,0.43,9.67,0.73,135683.81,1.57,82.0,0.72
4450,0.21,201668,London,Industrial,8.0,0.33,10.19,0.78,121539.9,6.39,78.01,0.81
1472,0.68,846988,Toronto,Mixed-use,5.65,0.12,12.99,0.35,148777.43,8.73,73.23,0.26
1852,0.49,628333,London,Industrial,9.67,0.1,5.86,0.88,131384.8,4.09,67.51,0.3
1914,0.51,261948,New York,Residential,9.88,0.18,6.61,0.76,144715.96,1.7,52.07,0.66
3498,0.65,565662,Sydney,Industrial,6.45,0.08,13.78,0.67,131183.64,7.57,80.38,0.7
677,0.35,694390,London,Industrial,9.98,0.49,13.71,0.58,119052.51,8.32,66.67,0.7
3221,0.37,394063,London,Mixed-use,5.61,0.15,14.69,0.4,121854.64,8.81,45.28,0.68
4827,0.59,1286751,San Francisco,Mixed-use,7.4,0.17,13.72,0.55,118443.99,6.07,61.82,0.39
1200,0.8,329877,New York,Industrial,8.43,0.39,3.66,0.67,87892.85,8.61,82.78,0.39
1665,0.7,1033692,Sydney,Mixed-use,8.96,0.22,12.71,0.43,94979.51,0.15,41.26,0.25
2736,0.44,1265493,London,Commercial,8.55,0.41,7.33,0.59,138513.69,1.07,54.56,0.16
3049,0.54,297770,London,Mixed-use,6.17,0.13,14.88,0.42,88515.72,0.93,72.06,0.69
2943,0.34,722613,Sydney,Mixed-use,9.73,0.19,8.14,0.54,109894.42,7.13,91.09,0.09
2463,0.26,757673,New York,Mixed-use,6.69,0.19,9.2,0.4,93747.41,0.7,85.0,0.94
1918,0.83,1024447,San Francisco,Mixed-use,5.58,0.44,8.89,0.38,108557.03,4.96,92.52,0.83
4197,0.41,420093,London,Residential,5.61,0.34,6.18,0.65,116118.27,4.73,73.12,0.86
4362,0.34,1441871,San Francisco,Residential,11.85,0.1,2.98,0.51,109844.16,3.11,66.86,0.91
2790,0.75,1102145,Toronto,Residential,5.15,0.12,13.64,0.53,84290.89,8.7,82.65,0.41
1592,0.69,685730,New York,Industrial,10.23,0.44,12.43,0.5,115361.74,1.7,56.51,0.85
3312,0.71,1178423,Toronto,Industrial,4.16,0.15,3.81,1.01,96027.6,3.52,55.34,0.16
2792,0.38,1187229,Toronto,Commercial,8.22,0.25,12.1,0.69,104086.07,7.74,52.67,0.02
1848,0.39,398766,Toronto,Residential,7.74,0.62,10.14,0.71,138513.0,0.3,86.33,0.78
3654,0.38,1418530,New York,Industrial,11.05,0.66,7.32,0.48,143884.82,6.73,57.48,0.07
4633,0.34,1206418,New York,Mixed-use,5.36,0.59,5.3,0.68,87225.73,8.16,85.01,0.99
2597,0.72,352647,Sydney,Mixed-use,4.67,0.25,13.18,0.57,159216.65,9.32,72.23,0.67
4287,0.88,164761,San Francisco,Residential,6.71,0.37,11.1,0.48,107247.84,8.76,86.53,0.75
2751,0.78,878022,San Francisco,Commercial,11.16,0.36,9.12,0.89,104974.75,3.19,53.42,0.25
4618,0.83,746246,Sydney,Commercial,4.79,0.16,9.92,0.69,97708.63,5.86,60.62,0.67
3710,0.52,1010370,Sydney,Mixed-use,0.53,0.29,3.18,0.68,121397.8,0.77,76.81,0.04
2570,0.72,408768,Toronto,Commercial,7.15,0.2,8.16,0.45,169538.76,2.58,63.54,0.84
797,0.48,768152,Sydney,Residential,9.37,0.25,4.52,0.41,81508.51,0.94,32.6,0.17
3226,0.62,482980,London,Mixed-use,4.47,0.13,4.71,0.59,68577.84,3.15,49.42,0.7
1802,0.59,1118336,San Francisco,Industrial,9.12,0.09,10.6,0.51,126712.76,8.75,53.3,0.22
2635,0.34,861198,Sydney,Industrial,4.41,0.39,13.85,0.69,134233.48,3.47,54.41,0.07
1077,0.51,1248932,London,Commercial,6.63,0.22,7.25,0.7,121316.81,5.62,80.23,0.48
1854,0.97,1345804,London,Mixed-use,8.88,0.2,4.7,0.61,134894.99,4.33,75.06,0.17
1522,0.4,122727,London,Mixed-use,4.03,0.34,10.43,0.72,91718.48,4.59,72.43,0.73
1019,0.31,420615,London,Industrial,7.45,0.27,13.33,0.63,96378.26,9.7,100.13,0.24
2804,0.53,721211,Toronto,Mixed-use,10.04,0.22,11.73,0.47,123098.95,2.96,87.63,0.34
3197,0.83,514376,London,Mixed-use,8.18,0.15,13.29,0.57,163951.73,6.27,82.03,0.57
1720,0.67,91390,Toronto,Mixed-use,5.2,0.26,8.98,0.62,134017.02,4.2,47.57,0.28
3668,0.74,711040,Toronto,Commercial,10.8,0.35,11.77,0.74,135180.1,0.61,70.89,0.38
1550,0.35,1017635,London,Mixed-use,8.65,0.3,3.82,0.63,93158.09,4.89,74.48,0.82
2936,0.7,1485474,San Francisco,Residential,2.35,0.88,6.53,0.51,130560.13,8.13,63.77,0.18
2843,0.46,1466689,London,Commercial,9.16,0.21,7.06,0.74,90446.27,0.99,95.6,0.08
3245,0.87,1049831,London,Mixed-use,5.57,0.19,8.65,0.66,164193.93,0.7,70.77,0.33
2457,0.7,829078,London,Mixed-use,7.49,0.23,14.08,0.83,94701.82,1.54,51.57,0.42
2465,0.36,1467784,San Francisco,Residential,9.52,0.27,13.37,0.61,100087.98,7.64,55.04,0.54
3512,0.25,101281,New York,Commercial,5.63,0.17,3.75,0.44,83173.11,7.24,104.24,0.37
3453,0.23,134189,New York,Industrial,2.89,0.45,4.25,0.78,122145.41,5.65,63.7,0.79
3828,0.5,342093,Toronto,Industrial,10.76,0.27,6.65,0.51,121094.79,4.68,38.82,0.04
4319,0.41,1439231,Toronto,Commercial,9.91,0.05,5.78,0.64,157831.03,8.88,61.01,0.43
3828,0.72,442462,San Francisco,Mixed-use,6.78,0.03,9.99,0.63,139410.37,7.67,42.6,0.38
2971,0.6,474597,Sydney,Mixed-use,9.13,0.22,13.74,0.61,100230.83,8.12,83.76,0.65
3491,0.41,886242,New York,Industrial,6.08,0.0,14.51,0.57,141834.89,8.13,40.68,0.97
4356,0.32,1377991,Toronto,Industrial,7.24,0.26,10.5,0.35,88912.11,6.43,48.97,0.51
4825,0.3,759682,New York,Industrial,6.64,0.05,12.9,0.45,102041.17,4.58,70.06,0.99
694,0.89,1170445,San Francisco,Residential,6.18,0.03,8.83,0.77,122961.49,8.65,86.64,0.3
3274,0.39,637243,San Francisco,Industrial,7.9,0.54,4.71,0.66,91702.84,9.26,68.96,0.03
2555,0.72,90207,Sydney,Residential,3.98,0.22,8.82,0.89,146616.47,0.24,51.14,0.17
1393,0.85,298401,Sydney,Commercial,6.37,0.06,9.22,0.44,176982.82,0.52,72.74,0.4
2434,0.69,1065132,San Francisco,Mixed-use,7.79,0.05,11.65,0.6,112636.95,9.59,62.98,0.32
2716,0.89,239292,Toronto,Industrial,11.6,0.5,4.86,0.77,103707.83,2.77,86.99,0.1
4706,0.51,576762,New York,Mixed-use,4.08,0.15,6.79,0.52,116760.26,8.73,82.82,0.43
3925,0.96,1333733,London,Mixed-use,8.3,0.05,6.73,0.53,106065.69,3.89,61.94,0.34
3519,0.31,1150607,Sydney,Industrial,8.58,0.07,14.47,0.56,126543.26,1.19,81.7,0.12
3197,0.28,543937,London,Industrial,2.31,0.54,7.77,0.53,86939.89,0.8,74.07,0.3
3805,0.73,947239,Toronto,Commercial,8.03,0.07,11.82,0.68,127962.66,1.57,90.5,0.89
1414,0.95,675600,Sydney,Residential,9.2,0.16,11.76,0.33,167798.08,2.5,81.06,0.3
945,0.85,664054,London,Residential,8.47,0.27,5.45,0.85,69946.44,4.89,78.2,0.71
2949,0.26,1272097,Toronto,Mixed-use,6.79,0.4,9.43,0.46,90783.81,7.01,89.92,0.61
962,0.42,431977,New York,Industrial,7.83,0.34,13.63,0.28,108873.57,9.86,70.23,0.43
3043,0.94,267771,Toronto,Commercial,7.42,0.18,8.18,0.6,133547.32,4.42,58.4,0.24
2865,0.4,317199,Sydney,Commercial,2.78,0.21,14.29,0.54,142259.55,5.18,73.01,0.37
2788,0.82,1078757,San Francisco,Commercial,7.48,0.28,4.79,0.57,140248.36,5.22,64.67,0.59
3605,0.86,840129,New York,Commercial,6.08,0.07,2.96,0.65,77707.45,5.39,79.06,0.35
3881,0.6,715329,London,Commercial,5.24,0.11,13.59,0.7,103141.35,5.18,70.93,0.21
1584,0.51,720473,Sydney,Residential,13.21,0.32,13.02,0.85,97492.08,0.09,76.04,0.12
2239,0.56,257164,San Francisco,Residential,10.13,0.27,14.9,0.5,118370.03,0.02,51.94,0.88
1427,0.38,831518,Toronto,Residential,4.12,0.1,10.83,0.72,120457.0,0.98,77.62,0.44
3330,0.91,593313,San Francisco,Industrial,7.87,0.05,14.18,0.71,85769.32,1.02,50.72,0.63
4131,0.56,1122726,Sydney,Mixed-use,10.65,0.15,12.75,0.2,109011.14,7.05,84.43,0.49
3535,0.91,1197063,Sydney,Commercial,3.26,0.69,12.98,0.48,134512.96,2.05,84.45,0.87
4476,0.28,228694,San Francisco,Industrial,7.19,0.14,9.4,0.41,104291.73,8.95,75.22,0.55
726,0.99,203853,Toronto,Commercial,7.31,0.14,6.97,0.67,114994.17,9.29,74.65,0.48
3777,0.55,1443837,San Francisco,Residential,3.81,0.44,14.15,0.65,162422.25,9.76,66.65,0.92
3656,0.24,315062,Sydney,Industrial,7.95,0.09,7.62,0.65,169750.74,9.39,60.95,0.72
1203,0.23,313077,Sydney,Residential,9.79,0.21,9.0,0.55,65965.97,2.72,69.78,0.11
4049,0.8,967516,London,Commercial,10.77,0.32,7.8,0.57,122847.44,5.1,99.74,0.18
4746,0.73,1152358,London,Commercial,6.38,0.32,9.34,0.6,192925.82,1.75,73.44,0.79
4133,0.84,734224,New York,Mixed-use,13.25,0.54,8.12,0.54,131971.17,8.06,49.81,0.84
3967,0.28,233245,Sydney,Commercial,1.86,0.34,2.62,0.72,120462.25,8.88,44.37,0.55
3968,0.23,1250834,London,Residential,7.89,0.48,13.47,0.44,152817.2,8.51,48.43,0.55
4397,0.61,534418,San Francisco,Commercial,3.47,0.11,7.78,0.48,125452.32,4.33,64.34,0.63
2392,0.51,358710,Toronto,Mixed-use,7.23,0.15,9.66,0.62,137728.43,7.59,88.99,0.44
3461,0.57,742550,San Francisco,Mixed-use,5.7,0.3,3.81,0.54,114742.39,0.98,54.65,0.68
4076,0.99,1086111,Toronto,Residential,8.27,0.33,2.04,0.43,125087.76,0.4,91.33,0.11
4017,0.98,642621,London,Industrial,6.68,0.42,5.19,0.68,130665.77,7.53,72.69,0.96
2245,0.95,693859,New York,Commercial,4.94,0.15,11.16,0.51,141638.97,4.25,77.25,0.75
1805,0.83,1248839,San Francisco,Mixed-use,5.1,0.19,3.29,0.47,109206.98,9.96,76.84,0.63
3630,0.48,80159,San Francisco,Commercial,11.83,0.59,13.82,0.57,108527.52,0.97,78.86,0.32
3472,0.53,1078413,San Francisco,Commercial,8.11,0.16,4.8,0.47,71812.94,8.56,63.83,0.16
3672,0.64,1291569,Toronto,Industrial,2.74,0.36,4.66,0.59,110321.22,4.8,34.98,0.41
2454,0.86,447003,London,Mixed-use,8.38,0.32,4.36,0.55,143825.88,8.27,61.17,0.66
4621,0.25,1275885,San Francisco,Commercial,6.51,0.15,2.18,0.52,131580.61,8.17,56.68,0.63
3308,0.54,1236083,San Francisco,Mixed-use,7.01,0.1,12.03,0.52,95081.2,9.16,74.66,0.38
4102,0.27,1143319,New York,Residential,9.05,0.11,13.38,0.75,72403.44,2.98,73.29,0.61
1932,0.61,1174677,New York,Residential,9.96,0.32,9.98,0.66,116439.48,9.5,65.91,0.81
801,0.92,1371293,London,Commercial,4.85,0.19,4.45,0.34,143094.45,1.52,96.33,0.03
4107,0.83,725822,London,Mixed-use,6.93,0.19,5.71,0.73,108027.54,0.82,60.39,0.45
4812,0.38,1474947,Sydney,Commercial,5.63,0.13,8.19,0.68,83876.94,4.32,36.61,0.76
1174,0.98,1359180,New York,Mixed-use,8.49,0.55,14.41,0.67,105262.32,8.28,71.79,0.55
1136,0.73,1316026,Sydney,Mixed-use,6.42,0.36,5.22,0.73,128153.97,4.73,87.84,0.65
2225,0.21,416907,Toronto,Industrial,7.07,0.32,11.51,0.6,151060.93,8.29,74.31,0.52
2722,0.4,567030,Sydney,Industrial,6.32,0.19,7.71,0.69,113582.62,7.3,64.65,0.99
985,0.41,485453,San Francisco,Industrial,6.73,0.25,5.87,0.53,146372.31,2.09,73.61,0.05
3881,0.26,751009,Sydney,Commercial,11.26,0.51,7.93,0.73,143601.05,9.49,97.58,0.49
1074,0.97,248785,London,Industrial,12.98,0.41,2.93,0.63,90583.37,0.61,56.87,0.09
1017,0.58,284535,Toronto,Industrial,7.94,0.54,12.38,0.39,151267.7,8.98,70.46,0.16
4200,0.92,780769,San Francisco,Residential,6.75,0.27,5.16,0.76,127377.82,3.04,80.05,0.38
1554,0.46,259838,Sydney,Mixed-use,3.01,0.2,11.43,0.58,89832.92,5.0,73.81,0.16
1805,0.3,650442,Toronto,Mixed-use,5.1,0.58,2.89,0.56,164020.78,4.22,66.28,0.96
4720,0.58,349160,Toronto,Industrial,6.68,0.2,14.42,0.53,116860.61,1.72,63.61,0.95
2590,0.29,552779,San Francisco,Mixed-use,5.21,0.26,4.51,0.54,71413.92,3.58,65.72,0.34
4172,0.59,521904,Sydney,Residential,5.48,0.24,13.48,0.63,102343.34,1.93,77.98,0.64
4980,0.94,956110,Toronto,Residential,10.94,0.46,12.52,0.45,96188.64,2.04,77.11,0.53
4758,0.62,978488,Toronto,Industrial,7.07,0.35,14.58,0.36,102956.5,1.87,101.42,0.82
3313,0.69,658526,New York,Residential,7.3,0.26,8.21,0.44,108870.36,4.89,46.95,0.63
2803,0.33,400752,Toronto,Mixed-use,5.31,0.51,11.46,0.66,113565.27,7.98,96.37,0.0
3720,0.23,1376220,New York,Commercial,9.94,0.13,6.82,0.58,112624.93,5.69,66.93,0.76
1566,0.29,917393,Sydney,Mixed-use,6.47,0.58,4.4,0.77,117562.87,8.93,68.64,0.75
4032,0.68,1328351,Sydney,Commercial,5.7,0.64,7.76,0.59,134684.83,6.37,82.88,0.51
1288,0.28,1042261,Sydney,Industrial,3.05,0.23,4.15,0.73,101339.09,6.89,82.79,0.9
4843,0.5,1020240,London,Commercial,6.85,0.27,14.77,0.5,149525.01,6.68,87.35,0.91
4301,0.64,894422,Sydney,Residential,5.62,0.13,3.25,0.53,89370.41,4.49,90.62,0.52
941,0.51,1191127,Toronto,Mixed-use,11.21,0.5,9.66,0.6,135377.97,6.89,69.4,0.61
2324,0.33,814983,San Francisco,Commercial,11.61,0.6,10.14,0.58,161081.78,0.7,90.81,1.0
2392,0.42,246277,New York,Mixed-use,3.91,0.24,9.0,0.56,115566.09,8.6,60.56,0.3
2359,0.94,1118660,London,Industrial,4.19,0.43,10.61,0.47,124836.63,7.78,65.42,0.32
3812,0.74,160811,Sydney,Industrial,6.31,0.3,3.51,0.36,95800.69,2.45,67.27,0.18
1589,0.6,859128,Sydney,Residential,4.96,0.16,9.22,0.69,107205.46,7.68,62.1,0.9
2862,0.21,921535,San Francisco,Industrial,7.54,0.25,5.73,0.68,159191.96,0.13,70.9,0.74
3082,0.99,1039131,San Francisco,Commercial,6.18,0.29,14.22,0.51,138712.06,2.17,83.45,0.11
1551,0.74,1496842,London,Industrial,7.7,0.52,11.91,0.66,130463.61,0.65,79.77,0.98
1322,0.45,314104,New York,Residential,9.54,0.59,14.64,0.58,71550.64,7.8,60.8,0.73
3989,0.9,282346,Sydney,Mixed-use,4.34,0.42,2.49,0.77,102088.18,7.56,59.57,0.85
2679,0.41,264456,London,Mixed-use,9.49,0.09,5.71,0.4,163474.8,8.14,57.17,0.05
3317,0.64,216643,Toronto,Industrial,5.18,0.52,4.54,0.58,130270.8,0.04,71.33,0.5
2932,0.71,1242126,Toronto,Commercial,12.37,0.57,2.15,0.57,133389.88,5.01,46.29,0.7
3976,0.38,564146,London,Residential,11.05,0.1,5.15,0.62,124263.88,7.05,56.64,0.54
2100,0.98,1040652,Sydney,Commercial,6.72,0.1,10.82,0.83,104675.26,1.55,63.12,0.67
885,0.8,171218,London,Residential,4.59,0.36,5.0,0.58,128313.54,6.5,85.83,0.82
4095,0.65,1261872,Sydney,Industrial,4.11,0.51,8.62,0.71,81744.65,0.84,68.02,0.37
2665,0.34,1308343,San Francisco,Residential,9.18,0.44,13.54,0.58,79863.63,1.81,85.09,0.85
1368,0.24,987211,London,Residential,6.92,0.11,11.02,0.76,101618.13,4.76,72.81,0.16
3657,0.46,1368592,Sydney,Industrial,9.32,0.29,7.13,0.71,124804.11,6.54,62.89,0.27
4889,0.8,112441,London,Commercial,12.51,0.2,6.84,0.55,80758.17,1.46,63.5,0.04
2761,0.42,1366614,London,Industrial,5.07,0.12,7.92,0.54,123176.07,1.85,52.51,0.36
3893,0.63,774489,Sydney,Residential,3.92,0.28,4.3,0.67,95136.02,2.04,106.05,0.38
1546,0.78,835612,Sydney,Industrial,7.48,0.57,10.24,0.5,98504.36,2.39,86.66,0.81
3935,0.29,124760,New York,Residential,9.86,0.4,6.73,0.63,152489.71,2.27,79.06,0.65
4750,0.75,1127159,London,Industrial,4.65,0.05,13.08,0.55,120932.35,3.95,50.45,0.44
2081,0.27,365622,Toronto,Mixed-use,7.09,0.07,11.84,0.66,97404.87,6.54,63.23,0.65
2501,0.97,1476436,London,Mixed-use,10.43,0.25,9.94,0.58,124670.84,4.38,55.37,0.05
4051,0.59,747540,London,Industrial,2.92,0.33,6.73,0.5,83259.54,7.76,71.91,0.18
4664,0.32,178538,Sydney,Commercial,7.59,0.35,4.73,0.77,129558.26,7.19,56.09,0.63
654,0.47,896228,London,Residential,5.65,0.28,12.09,0.64,147682.95,1.27,59.95,0.64
2423,0.53,1055776,London,Mixed-use,7.31,0.07,8.32,0.59,136543.22,0.49,56.48,0.77
4062,0.81,591511,Toronto,Commercial,8.77,0.02,4.92,0.66,173942.86,8.78,66.4,0.4
3679,0.79,1349611,Sydney,Residential,7.55,0.1,4.54,0.35,71540.22,0.8,71.07,0.72
1432,0.69,965258,London,Mixed-use,4.47,0.22,4.15,0.91,123174.23,1.48,66.8,0.68
3406,0.28,462736,San Francisco,Mixed-use,5.75,0.62,12.1,0.6,86412.48,0.22,92.99,0.96
3090,0.32,1484355,New York,Industrial,10.57,0.24,4.98,0.31,115669.46,6.28,82.17,0.22
927,0.28,658328,Toronto,Residential,7.82,0.07,8.85,0.78,120038.6,5.82,58.25,0.55
3910,0.66,941789,London,Commercial,9.1,0.46,7.87,0.49,176996.14,9.87,74.88,0.6
3900,0.9,1406931,San Francisco,Commercial,7.63,0.46,9.53,0.76,118505.57,8.87,59.49,1.0
4275,0.55,447570,London,Commercial,9.02,0.21,13.4,0.62,118039.24,4.11,64.07,0.2
3654,0.33,347986,London,Residential,6.01,0.27,13.28,0.36,145128.98,3.72,77.19,0.52
2743,0.65,536331,Sydney,Commercial,5.08,0.19,7.86,0.64,118679.46,2.97,79.98,0.35
1911,0.85,1436688,Sydney,Commercial,8.91,0.24,2.2,0.63,165778.68,1.52,61.19,0.53
3791,0.79,883940,Sydney,Commercial,9.82,0.6,7.54,0.77,136742.11,1.38,53.43,0.23
3138,0.91,233077,San Francisco,Industrial,4.71,0.21,9.88,0.68,140712.58,1.32,71.32,0.05
4583,0.42,1183151,London,Industrial,5.56,0.11,9.25,0.41,73310.9,1.14,76.52,0.57
764,0.36,498815,New York,Residential,6.59,0.28,10.47,0.75,169630.32,2.41,60.43,0.34
4877,0.9,560808,Toronto,Residential,11.05,0.25,4.0,0.54,103588.53,3.07,82.25,0.18
1422,0.73,853422,Sydney,Commercial,8.41,0.13,10.4,0.86,119756.75,9.62,79.59,0.32
1543,0.45,671343,Sydney,Industrial,3.69,0.09,4.37,0.55,103682.4,5.78,60.21,0.05
1374,0.79,710527,London,Mixed-use,6.77,0.46,11.76,0.57,94393.72,9.88,86.95,0.95
2798,0.85,315469,London,Mixed-use,6.39,0.25,6.41,0.48,89945.79,3.72,87.41,0.58
3756,0.69,1251682,San Francisco,Commercial,4.07,0.17,11.23,0.53,122581.04,4.58,101.02,0.81
4842,0.75,871787,San Francisco,Commercial,6.74,0.33,2.62,0.49,70752.58,3.25,95.68,0.42
4295,0.5,547835,Sydney,Industrial,6.27,0.67,7.3,0.78,113929.94,1.83,56.46,0.9
4052,0.63,380486,London,Industrial,6.1,0.28,11.17,0.4,146444.22,1.43,83.87,0.48
1514,0.62,82257,New York,Industrial,5.98,0.2,4.95,0.72,135798.56,9.45,83.19,0.57
1908,0.88,1418084,Toronto,Residential,10.68,0.28,12.34,0.72,130810.88,9.87,64.77,0.49
4777,0.87,1240291,London,Residential,6.09,0.27,10.2,0.81,97615.39,0.45,76.82,0.73
1113,0.87,1155230,London,Commercial,7.12,0.38,9.64,0.61,80347.62,1.5,41.84,0.57
2520,0.21,423567,San Francisco,Residential,6.85,0.41,6.6,0.45,146044.85,4.24,41.42,0.27
4194,0.8,371464,Toronto,Industrial,5.74,0.12,8.27,0.57,108776.0,1.86,44.28,0.15
2009,0.81,625096,Sydney,Industrial,7.2,0.61,9.77,0.69,117923.04,3.64,75.84,0.61
3790,0.74,656677,London,Residential,7.16,0.33,8.14,0.61,115060.14,1.29,76.55,0.49
2155,0.81,568906,Sydney,Mixed-use,7.2,0.41,11.08,0.66,136809.82,4.57,65.89,0.1
1404,0.87,198581,London,Commercial,4.85,0.46,7.64,0.8,166082.9,2.72,95.82,0.4
1879,0.58,1256503,Sydney,Mixed-use,6.48,0.18,4.63,0.69,156559.35,3.52,84.81,0.51
4177,0.6,1163349,Toronto,Commercial,8.9,0.44,4.78,0.63,61694.04,0.94,46.03,0.83
3501,0.3,418540,San Francisco,Mixed-use,6.55,0.13,2.08,0.32,112286.53,4.28,67.42,0.08
1987,0.51,581590,Toronto,Residential,7.4,0.06,5.91,0.48,86331.41,9.83,55.9,0.35
3361,0.71,1498412,New York,Commercial,7.42,0.16,11.74,0.54,143460.72,3.29,76.21,0.82
3279,0.82,1343340,San Francisco,Commercial,8.04,0.11,12.32,0.3,120099.59,8.76,69.54,0.65
2706,0.37,952328,Toronto,Commercial,8.4,0.19,4.63,0.43,135153.8,8.43,56.76,0.29
4823,0.31,695175,New York,Industrial,6.56,0.43,14.47,0.56,110146.89,9.52,95.42,0.85
3368,0.73,1250694,London,Industrial,4.72,0.27,8.53,0.58,94015.71,7.9,70.86,0.49
4553,0.2,1093539,London,Mixed-use,3.95,0.03,13.92,0.68,98292.98,6.6,63.76,0.5
3786,0.34,1438097,Sydney,Residential,9.54,0.57,11.19,0.57,81674.68,8.57,66.2,0.98
3880,0.22,1283202,San Francisco,Industrial,8.93,0.21,11.39,0.64,88409.15,0.76,94.28,0.95
3173,0.33,928923,London,Commercial,8.62,0.26,3.11,0.54,83142.67,4.63,83.67,0.36
3199,0.35,1374315,San Francisco,Industrial,9.03,0.43,4.86,0.61,94107.43,9.89,67.56,0.14
4633,0.51,558356,London,Residential,6.6,0.71,2.11,0.67,92693.05,7.7,55.12,0.33
836,0.52,359067,Sydney,Industrial,5.44,0.2,11.31,0.82,129852.33,9.62,57.46,0.03
1904,0.9,1438311,Toronto,Commercial,4.55,0.55,6.48,0.52,128871.54,7.8,62.77,0.02
4030,0.61,396480,Sydney,Mixed-use,4.28,0.19,12.23,0.62,129825.11,8.75,77.61,0.4
1901,0.78,416227,New York,Commercial,10.03,0.46,6.41,0.73,149374.88,7.07,81.35,0.94
3141,0.28,1369467,London,Residential,5.77,0.39,12.65,0.38,118041.55,7.61,59.12,0.87
2651,0.38,244074,New York,Mixed-use,9.64,0.2,3.7,0.9,100479.64,5.23,82.01,0.51
1041,0.76,553314,New York,Industrial,6.53,0.35,4.25,0.78,175285.09,9.24,56.37,0.57
2676,0.24,368816,San Francisco,Industrial,5.31,0.54,6.43,0.34,142641.15,8.25,60.82,0.01
3780,0.59,870645,London,Industrial,4.26,0.42,7.31,0.66,123807.99,8.44,48.26,0.22
3257,0.68,1269941,New York,Mixed-use,5.53,0.43,6.53,0.52,122071.86,6.73,47.81,0.02
4398,0.68,1097481,Toronto,Commercial,10.55,0.3,11.93,0.54,127241.34,3.05,56.21,0.75
1404,0.22,142507,New York,Mixed-use,4.29,0.23,3.26,0.65,114947.47,0.36,69.61,0.15
674,0.46,1185710,Toronto,Mixed-use,12.29,0.42,6.57,0.76,123205.61,9.36,55.09,0.87
2775,0.71,213172,San Francisco,Residential,4.9,0.51,12.88,0.53,132484.49,5.86,92.47,0.64
4524,0.32,321225,New York,Mixed-use,8.87,0.04,2.87,0.53,101836.59,2.98,56.01,0.23
2689,0.76,273069,Sydney,Industrial,6.64,0.22,14.25,0.66,79147.1,1.49,72.76,0.16
640,0.8,894604,San Francisco,Commercial,6.2,0.44,14.82,0.69,68108.93,8.3,89.8,0.63
2681,0.99,886564,Toronto,Commercial,3.82,0.21,3.15,0.45,142197.47,8.37,71.39,0.9
2222,0.37,1302613,San Francisco,Commercial,6.75,0.36,5.79,0.86,80426.9,8.15,64.54,0.72
941,0.86,576013,New York,Industrial,4.1,0.24,6.84,0.5,131633.6,6.45,72.21,0.35
4652,0.62,374025,London,Industrial,2.8,0.29,12.09,0.74,91141.1,3.66,61.57,0.59
